t_us,seq,hb_present,hb_system_status,gpos_lat,gpos_lon,gpos_alt,gpos_vx,gpos_vy,gpos_vz,gpos_hdg,gps_fix_type,gps_lat,gps_lon,gps_alt,gps_vel,gps_sats,att_roll,att_pitch,att_yaw,sys_load,sys_batt_v,sys_batt_remaining,anomaly_bad_crc,anomaly_replayed_seq,anomaly_unexpected_type,gt_label,gt_attack_type,nav_disp_mismatch_m,nav_disp_mismatch_ratio,nav_raw_jump_m,nav_gps_vs_fused_mismatch_m,telem_alt_mismatch_m,telem_vz_mismatch,hb_gap_s,flight_elapsed_s,msg_count_1s,msg_count_0_3s,msg_rate_rolling
1790515250500000,0,1,4.0,19.1333999,72.9132999,0.067,0.0,0.0,0.67,249.6,3.0,19.1333999,72.9132999,0.067,0.0,12.0,5.3786221872549734e-05,-0.15,4.356398906274806,30.0,12.4,80.0,0,0,0,normal,none,0.0,0.0,0.0,0.0,0.0,0.67,0.0,0.0,1,1,0.0
1790515250600000,1,1,4.0,19.1334,72.9132999,0.195,0.0,0.0,1.28,309.41,3.0,19.1334,72.9132999,0.195,0.0,12.0,4.687397368847855e-05,-0.15,5.4002897688811675,30.0,12.4,80.0,0,0,0,normal,none,0.011119492794399348,11.119492794399347,0.011119492794399348,0.0,0.0,0.0,0.1,0.09999990463256836,2,2,10.0
1790515250700000,2,1,4.0,19.1334,72.9132999,0.38,0.0,0.0,1.84,309.98,3.0,19.1334,72.9132999,0.38,0.0,12.0,8.540675515683694e-05,-0.15,5.410220600898927,30.0,12.4,80.0,0,0,0,normal,none,0.0,0.0,0.0,0.0,0.0,0.009999999999999787,0.1,0.20000004768371582,3,3,10.0
1790515250800000,3,1,4.0,19.1334,72.9132999,0.615,0.0,0.0,2.34,305.91,3.0,19.1334,72.9132999,0.615,0.0,12.0,9.394093066642233e-05,-0.1427014041058037,5.3392949481941425,30.0,12.4,80.0,0,0,0,normal,none,0.0,0.0,0.0,0.0,0.0,0.009999999999999787,0.1,0.2999999523162842,4,4,10.0
1790515250900000,4,1,4.0,19.1334,72.9132999,0.897,0.0,0.0,2.82,332.19,3.0,19.1334,72.9132999,0.897,0.0,12.0,1.813167995791784e-05,-0.13548976942732824,5.797911630745089,30.0,12.4,80.0,0,0,0,normal,none,0.0,0.0,0.0,0.0,0.0,4.440892098500626e-16,0.1,0.40000009536743164,5,3,10.0
1790515251000000,5,1,4.0,19.1334,72.9132999,1.223,0.0,0.0,3.25,359.83,3.0,19.1334,72.9132999,1.223,0.0,12.0,9.247348732272512e-05,-0.12339202312775172,6.2803449789664825,30.0,12.4,80.0,0,0,0,normal,none,0.0,0.0,0.0,0.0,0.0,0.010000000000000675,0.1,0.5,6,4,10.0
1790515251100000,6,1,4.0,19.1334,72.9132999,1.587,0.0,0.0,3.63,351.26,3.0,19.1334,72.9132999,1.587,0.01,12.0,0.00010264076047027274,-0.11206412640580803,6.130768285816588,30.0,12.4,80.0,0,0,0,normal,none,0.0,0.0,0.0,0.0,0.0,0.009999999999998899,0.1,0.5999999046325684,7,4,10.0
1790515251200000,7,1,4.0,19.1334,72.9132999,1.987,0.0,0.01,4.0,9.47,3.0,19.1334,72.9132999,1.987,0.01,12.0,0.00017315671045417286,-0.1079680648754147,0.16537287753768126,30.0,12.4,80.0,0,0,0,normal,none,0.001,0.5,0.0,0.0,0.0,8.881784197001252e-16,0.1,0.7000000476837158,8,4,10.0
1790515251300000,8,1,4.0,19.1334,72.9132999,2.422,0.0,0.01,4.34,23.76,3.0,19.1334,72.9132999,2.422,0.01,12.0,0.00016163107269645454,-0.09985571794495034,0.41475648730146475,30.0,12.4,80.0,0,0,0,normal,none,0.001,0.5,0.0,0.0,0.0,0.010000000000000675,0.1,0.7999999523162842,9,4,10.0
1790515251400000,9,1,4.0,19.1334,72.9132999,2.887,0.01,0.01,4.65,36.7,3.0,19.1334,72.9132999,2.887,0.01,12.0,0.00019213105119479014,-0.0902905825088454,0.6405841351102117,30.0,12.4,80.0,0,0,0,normal,none,0.001414213562373095,0.5857864376269049,0.0,0.0,0.0,1.7763568394002505e-15,0.1,0.9000000953674316,10,3,10.0
1790515251500000,10,1,4.0,19.1334,72.9133,3.381,0.0,0.0,4.93,48.64,3.0,19.1334,72.9133,3.381,0.01,12.0,0.0001158139904366681,-0.08488616628691396,0.8489725660086723,30.0,12.4,80.0,0,0,0,normal,none,0.01050523055570036,10.50523055570036,0.01050523055570036,0.0,0.0,0.00999999999999801,0.1,1.0,11,4,10.0
1790515251600000,11,1,4.0,19.1334,72.9133,3.9,0.0,0.0,5.19,327.61,3.0,19.1334,72.9133,3.9,0.0,12.0,5.8115992113775534e-05,-0.07662323330483872,5.717963667349576,30.0,12.4,80.0,0,0,0,normal,none,0.0,0.0,0.0,0.0,0.0,8.881784197001252e-16,0.1,1.0999999046325684,11,4,10.0
1790515251700000,12,1,4.0,19.1334,72.9133,4.443,0.0,0.01,5.43,6.57,3.0,19.1334,72.9133,4.443,0.01,12.0,0.0001332794978689558,-0.07167790035934038,0.11477349716902666,30.0,12.4,80.0,0,0,0,normal,none,0.001,0.5,0.0,0.0,0.0,2.6645352591003757e-15,0.1,1.2000000476837158,11,4,10.0
1790515251800000,13,1,4.0,19.1334001,72.9133,5.007,0.0,0.01,5.63,359.65,3.0,19.1334001,72.9133,5.007,0.01,12.0,0.00015571369894489882,-0.06261115452842946,6.2771641184935145,30.0,12.4,80.0,0,0,0,normal,none,0.010119492399355612,5.0597461996778055,0.011119492399355611,0.0,0.0,0.010000000000000675,0.1,1.2999999523162842,11,4,10.0
1790515251900000,14,1,4.0,19.1334001,72.9133,5.59,0.0,0.01,5.83,28.68,3.0,19.1334001,72.9133,5.59,0.01,12.0,0.00014990869382398834,-0.05839174669314352,0.5006263201118583,30.0,12.4,80.0,0,0,0,normal,none,0.001,0.5,0.0,0.0,0.0,1.7763568394002505e-15,0.1,1.4000000953674316,11,3,10.0
1790515252000000,15,1,4.0,19.1334001,72.9133,6.191,0.0,0.01,6.01,16.23,3.0,19.1334001,72.9133,6.191,0.01,12.0,0.00011846418788042794,-0.05404922781843328,0.2833252163110715,30.0,12.4,80.0,0,0,0,normal,none,0.001,0.5,0.0,0.0,0.0,0.0,0.1,1.5,11,4,10.0
1790515252100000,16,1,4.0,19.1334001,72.9133,6.809,0.01,0.0,6.17,66.57,3.0,19.1334001,72.9133,6.809,0.01,12.0,0.00015988054087016167,-0.05026303252503595,1.161938064824661,30.0,12.4,80.0,0,0,0,normal,none,0.001,0.5,0.0,0.0,0.0,0.01000000000000334,0.1,1.5999999046325684,11,4,10.0
1790515252200000,17,1,4.0,19.1334001,72.9133,7.442,0.01,0.0,6.32,67.73,3.0,19.1334001,72.9133,7.442,0.01,12.0,0.0001459943660545844,-0.04617704772386827,1.1821763276350197,30.0,12.4,80.0,0,0,0,normal,none,0.001,0.5,0.0,0.0,0.0,0.009999999999999787,0.1,1.7000000476837158,11,4,10.0
1790515252300000,18,1,4.0,19.1334001,72.9133,8.088,0.0,0.0,6.46,80.56,3.0,19.1334001,72.9133,8.088,0.0,12.0,9.94290119933114e-05,-0.04100622640027249,1.4061213249922075,30.0,12.4,80.0,0,0,0,normal,none,0.0,0.0,0.0,0.0,0.0,9.769962616701378e-15,0.1,1.7999999523162842,11,4,10.0
1790515252400000,19,1,4.0,19.1334001,72.9133,8.748,0.0,0.0,6.59,30.64,3.0,19.1334001,72.9133,8.748,0.0,12.0,2.4531208459620784e-05,-0.040402299823581136,0.5349193871498695,30.0,12.4,80.0,0,0,0,normal,none,0.0,0.0,0.0,0.0,0.0,0.010000000000001563,0.1,1.9000000953674316,11,3,10.0
1790515252500000,20,1,4.0,19.1334001,72.9133,9.419,0.0,0.0,6.71,231.5,3.0,19.1334001,72.9133,9.419,0.0,12.0,2.281966312751631e-05,-0.035110706221048955,4.040483161260544,30.0,12.4,80.0,0,0,0,normal,none,0.0,0.0,0.0,0.0,0.0,1.1546319456101628e-14,0.1,2.0,11,4,10.0
1790515252600000,21,1,4.0,19.1334001,72.9133,10.102,0.0,0.0,6.82,204.4,3.0,19.1334001,72.9133,10.102,0.0,12.0,0.00010039683427210205,-0.03474758596594789,3.5675973541983987,30.0,12.4,80.0,0,0,0,normal,none,0.0,0.0,0.0,0.0,0.0,0.00999999999999801,0.1,2.0999999046325684,11,4,10.0
1790515252700000,22,1,4.0,19.1334001,72.9133,10.794,0.0,-0.01,6.92,187.83,3.0,19.1334001,72.9133,10.794,0.01,12.0,0.00012632734549441752,-0.03025919856968402,3.2782563192722245,30.0,12.4,80.0,0,0,0,normal,none,0.001,0.5,0.0,0.0,0.0,1.7763568394002505e-15,0.1,2.200000047683716,11,4,10.0
1790515252800000,23,1,4.0,19.1334001,72.9133,11.496,0.0,-0.01,7.01,196.93,3.0,19.1334001,72.9133,11.496,0.01,12.0,0.00013623154548772197,-0.027853866063861997,3.4371129553779745,30.0,12.4,80.0,0,0,0,normal,none,0.001,0.5,0.0,0.0,0.0,0.009999999999999787,0.1,2.299999952316284,11,4,10.0
1790515252900000,24,1,4.0,19.1334001,72.9133,12.207,0.0,0.0,7.1,167.01,3.0,19.1334001,72.9133,12.207,0.0,12.0,4.777143143631265e-05,-0.02757724517550575,2.9149658866269457,30.0,12.4,80.0,0,0,0,normal,none,0.0,0.0,0.0,0.0,0.0,0.01000000000000334,0.1,2.4000000953674316,11,3,10.0
1790515253000000,25,1,4.0,19.1334001,72.9133,12.925,0.0,0.0,7.18,183.47,3.0,19.1334001,72.9133,12.925,0.0,12.0,7.28145324498456e-05,-0.02285320061534185,3.2022107508471005,30.0,12.4,80.0,0,0,0,normal,none,0.0,0.0,0.0,0.0,0.0,0.0,0.1,2.5,11,4,10.0
1790515253100000,26,1,4.0,19.1334,72.9133,13.65,0.0,-0.01,7.24,179.53,3.0,19.1334,72.9133,13.65,0.01,12.0,0.00010849553886424428,-0.019859296475665568,3.1334578177746515,30.0,12.4,80.0,0,0,0,normal,none,0.010119492399355612,5.0597461996778055,0.011119492399355611,0.0,0.0,0.009999999999996234,0.1,2.5999999046325684,11,4,10.0
1790515253200000,27,1,4.0,19.1334,72.9133,14.381,0.0,0.0,7.3,116.2,3.0,19.1334,72.9133,14.381,0.0,12.0,4.521914068591628e-05,-0.018808721637151665,2.028245148808108,30.0,12.4,80.0,0,0,0,normal,none,0.0,0.0,0.0,0.0,0.0,0.009999999999998899,0.1,2.700000047683716,11,4,10.0
1790515253300000,28,1,4.0,19.1334,72.9133,15.117,0.0,0.0,7.36,176.57,3.0,19.1334,72.9133,15.117,0.0,12.0,3.712847305998243e-05,-0.01607327666182411,3.0817515404549347,30.0,12.4,80.0,0,0,0,normal,none,0.0,0.0,0.0,0.0,0.0,6.217248937900877e-15,0.1,2.799999952316284,11,4,10.0
1790515253400000,29,1,4.0,19.1334,72.9133,15.858,0.0,0.0,7.41,219.64,3.0,19.1334,72.9133,15.858,0.0,12.0,2.1819327358064364e-05,-0.01612961933362147,3.833518515873862,30.0,12.4,80.0,0,0,0,normal,none,0.0,0.0,0.0,0.0,0.0,3.552713678800501e-15,0.1,2.9000000953674316,11,3,10.0
1790515253500000,30,1,4.0,19.1334,72.9133,16.605,0.0,0.0,7.46,104.26,3.0,19.1334,72.9133,16.605,0.0,12.0,4.960136408007742e-05,-0.01564557899771366,1.8197042079343122,30.0,12.4,80.0,0,0,0,normal,none,0.0,0.0,0.0,0.0,0.0,0.009999999999998899,0.1,3.0,11,4,10.0
1790515253600000,31,1,4.0,19.1334,72.9133,17.355,0.0,0.0,7.5,33.63,3.0,19.1334,72.9133,17.355,0.0,12.0,6.144686906331049e-05,-0.011744100196010356,0.5870990277774143,30.0,12.4,80.0,0,0,0,normal,none,0.0,0.0,0.0,0.0,0.0,0.0,0.1,3.0999999046325684,11,4,10.0
1790515253700000,32,1,4.0,19.1334,72.9133,18.11,0.0,0.0,7.54,144.51,3.0,19.1334,72.9133,18.11,0.0,12.0,2.2320036294988038e-05,-0.013893416047144303,2.522223626840012,30.0,12.4,80.0,0,0,0,normal,none,0.0,0.0,0.0,0.0,0.0,0.009999999999990017,0.1,3.200000047683716,11,4,10.0
1790515253800000,33,1,4.0,19.1334,72.9133,18.87,0.0,0.0,7.59,132.85,3.0,19.1334,72.9133,18.87,0.0,12.0,7.1201516585396e-05,-0.014006475796006942,2.3187324523628345,30.0,12.4,80.0,0,0,0,normal,none,0.0,0.0,0.0,0.0,0.0,0.010000000000015774,0.1,3.299999952316284,11,4,10.0
1790515253900000,34,1,4.0,19.1334,72.9133,19.632,0.0,-0.01,7.62,166.39,3.0,19.1334,72.9133,19.632,0.01,12.0,0.00012394034459310555,-0.009879706084855347,2.904106099194024,30.0,12.4,80.0,0,0,0,normal,none,0.001,0.5,0.0,0.0,0.0,4.440892098500626e-15,0.1,3.4000000953674316,11,3,10.0
1790515254000000,35,1,4.0,19.1334,72.9133,20.399,0.0,-0.01,7.66,162.14,3.0,19.1334,72.9133,20.399,0.01,12.0,0.00013402188752642246,-0.012945707493827407,2.829967803551081,30.0,12.4,80.0,0,0,0,normal,none,0.001,0.5,0.0,0.0,0.0,0.009999999999994458,0.1,3.5,11,4,10.0
1790515254100000,36,1,4.0,19.1334,72.9133,21.17,0.0,0.0,7.7,113.55,3.0,19.1334,72.9133,21.17,0.0,12.0,8.364297188468639e-05,-0.010524940655148812,1.9818601350735314,30.0,12.4,80.0,0,0,0,normal,none,0.0,0.0,0.0,0.0,0.0,0.01000000000000778,0.1,3.5999999046325684,11,4,10.0
1790515254200000,37,1,4.0,19.1334,72.9133,21.941,0.0,0.0,7.71,201.16,3.0,19.1334,72.9133,21.941,0.0,12.0,5.8738981701626544e-05,-0.0033605692122929236,3.5109477272299134,30.0,12.4,80.0,0,0,0,normal,none,0.0,0.0,0.0,0.0,0.0,2.7533531010703882e-14,0.1,3.700000047683716,11,4,10.0
1790515254300000,38,1,4.0,19.1334,72.9133,22.715,0.0,0.0,7.73,271.69,3.0,19.1334,72.9133,22.715,0.0,12.0,5.833694880762904e-05,-0.005962538865098631,4.741892486170722,30.0,12.4,80.0,0,0,0,normal,none,0.0,0.0,0.0,0.0,0.0,0.010000000000008669,0.1,3.799999952316284,11,4,10.0
1790515254400000,39,1,4.0,19.1334,72.9133,23.491,0.0,0.0,7.76,277.9,3.0,19.1334,72.9133,23.491,0.0,12.0,9.280795104415346e-05,-0.007957660253593514,4.850341321004823,30.0,12.4,80.0,0,0,0,normal,none,0.0,0.0,0.0,0.0,0.0,1.7763568394002505e-15,0.1,3.9000000953674316,11,3,10.0
1790515254500000,40,1,4.0,19.1334,72.9133,24.269,-0.01,0.0,7.78,266.0,3.0,19.1334,72.9133,24.269,0.01,12.0,0.00010848948404624083,-0.007327888478405547,4.642685283619021,30.0,12.4,80.0,0,0,0,normal,none,0.001,0.5,0.0,0.0,0.0,1.3322676295501878e-14,0.1,4.0,11,4,10.0
1790515254600000,41,1,4.0,19.1334,72.9133,25.05,0.0,0.0,7.8,252.74,3.0,19.1334,72.9133,25.05,0.0,12.0,9.590077449560505e-05,-0.005961689112658558,4.411301299561596,30.0,12.4,80.0,0,0,0,normal,none,0.0,0.0,0.0,0.0,0.0,0.010000000000023768,0.1,4.099999904632568,11,4,10.0
1790515254700000,42,1,4.0,19.1334,72.9133,25.833,0.0,0.0,7.83,256.26,3.0,19.1334,72.9133,25.833,0.0,12.0,8.751292116481992e-05,-0.008042753810246831,4.4726273467123345,30.0,12.4,80.0,0,0,0,normal,none,0.0,0.0,0.0,0.0,0.0,2.3092638912203256e-14,0.1,4.200000047683716,11,4,10.0
1790515254800000,43,1,4.0,19.1334,72.9133,26.618,0.0,0.0,7.85,240.53,3.0,19.1334,72.9133,26.618,0.01,12.0,0.00011254283422155271,-0.006474782565697608,4.198082589026452,30.0,12.4,80.0,0,0,0,normal,none,0.0,0.0,0.0,0.0,0.0,1.7763568394002505e-15,0.1,4.299999952316284,11,4,10.0
1790515254900000,44,1,4.0,19.1334,72.9133,27.405,-0.01,0.0,7.86,281.85,3.0,19.1334,72.9133,27.405,0.01,12.0,0.00013222117378048663,-0.0034775066697166524,4.91923831195012,30.0,12.4,80.0,0,0,0,normal,none,0.001,0.5,0.0,0.0,0.0,0.010000000000025544,0.1,4.400000095367432,11,3,10.0
1790515255000000,45,1,4.0,19.1334,72.9132999,28.193,-0.01,0.0,7.88,292.8,3.0,19.1334,72.9132999,28.193,0.01,12.0,0.00012609990413977958,-0.005338977653152009,5.110409247197779,30.0,12.4,80.0,0,0,0,normal,none,0.00950523055570036,4.75261527785018,0.01050523055570036,0.0,0.0,2.6645352591003757e-15,0.1,4.5,11,4,10.0
1790515255100000,46,1,4.0,19.1334,72.9133006,28.916,0.66,0.0,7.23,89.71,3.0,19.1334,72.9133006,28.916,0.66,12.0,0.006728849118336006,0.15,1.565744653080449,30.0,12.4,80.0,0,0,0,normal,none,0.007536607918370797,0.11248668534881785,0.0735366079183708,0.0,0.0,1.0658141036401503e-14,0.1,4.599999904632568,11,4,10.0
1790515255200000,47,1,4.0,19.1334,72.9133018,29.58,1.27,0.0,6.63,89.83,3.0,19.1334,72.9133018,29.58,1.27,12.0,0.012918168903195172,0.15,1.5678965745257558,30.0,12.4,80.0,0,0,0,normal,none,0.0009372437817762036,0.007322217045126591,0.1260627562182238,0.0,0.0,0.009999999999979359,0.1,4.700000047683716,11,4,10.0
1790515255300000,48,1,4.0,19.1334,72.9133035,30.188,1.83,0.0,6.08,89.74,3.0,19.1334,72.9133035,30.188,1.83,12.0,0.018510421472998622,0.15,1.5662691730079434,30.0,12.4,80.0,0,0,0,normal,none,0.0044110954819231996,0.023973345010452167,0.17858890451807682,0.0,0.0,5.329070518200751e-15,0.1,4.799999952316284,11,4,10.0
1790515255400000,49,1,4.0,19.1334,72.9133058,30.746,2.35,0.0,5.57,89.76,3.0,19.1334,72.9133058,30.746,2.35,12.0,0.02359220887012975,0.1436372203694613,1.5667142976549862,30.0,12.4,80.0,0,0,0,normal,none,0.006620283373630131,0.028052048193348014,0.24162028337363015,0.0,0.0,0.00999999999999801,0.1,4.900000095367432,11,3,10.0
1790515255500000,50,1,4.0,19.1334,72.9133085,31.256,2.82,0.0,5.1,89.87,3.0,19.1334,72.9133085,31.256,2.82,12.0,0.028075456446496113,0.13525332177162616,1.5686861273673176,30.0,12.4,80.0,0,0,0,normal,none,0.0016412011177828756,0.005799297235981893,0.28364120111778285,0.0,0.0,1.5987211554602254e-14,0.1,5.0,11,4,10.0
1790515255600000,51,1,4.0,19.1334,72.9133116,31.723,3.26,0.0,4.66,89.97,3.0,19.1334,72.9133116,31.723,3.26,12.0,0.03210320814652901,0.1253152980454261,1.5704446005120187,30.0,12.4,80.0,0,0,0,normal,none,0.00033787964518161573,0.001033271086182311,0.3256621203548184,0.0,0.0,0.009999999999987352,0.1,5.099999904632568,11,4,10.0
1790515255700000,52,1,4.0,19.1334,72.9133151,32.15,3.65,0.0,4.26,89.95,3.0,19.1334,72.9133151,32.15,3.65,12.0,0.035677563965975344,0.1156778983673906,1.5699983239234712,30.0,12.4,80.0,0,0,0,normal,none,0.0026830395918540084,0.007330709267360679,0.367683039591854,0.0,0.0,0.009999999999996234,0.1,5.200000047683716,11,4,10.0
1790515255800000,53,1,4.0,19.1334,72.9133189,32.539,4.01,0.0,3.89,90.1,3.0,19.1334,72.9133189,32.539,4.01,12.0,0.03887850758093244,0.10854536367095459,1.572549080120078,30.0,12.4,80.0,0,0,0,normal,none,0.0018012732196937553,0.004480779153467053,0.39919872678030627,0.0,0.0,2.886579864025407e-14,0.1,5.299999952316284,11,4,10.0
1790515255900000,54,1,4.0,19.1334,72.913323,32.895,4.34,0.0,3.55,90.09,3.0,19.1334,72.913323,32.895,4.34,12.0,0.041705003609500226,0.09928716350570076,1.572423112335941,30.0,12.4,80.0,0,0,0,normal,none,0.00328558155259262,0.007553061040442805,0.4307144184474074,0.0,0.0,0.010000000000016662,0.1,5.400000095367432,11,3,10.0
1790515256000000,55,1,4.0,19.1334,72.9133275,33.22,4.65,0.0,3.24,90.06,3.0,19.1334,72.9133275,33.22,4.65,12.0,0.044300517704166265,0.09290858164785061,1.5719633927791046,30.0,12.4,80.0,0,0,0,normal,none,0.007735334698676988,0.016599430683856196,0.47273533469867707,0.0,0.0,0.009999999999957154,0.1,5.5,11,4,10.0
1790515256100000,56,1,4.0,19.1334,72.9133321,33.515,4.92,0.0,2.95,90.04,3.0,19.1334,72.9133321,33.515,4.92,12.0,0.04653107623469639,0.08608248139521073,1.571619414264613,30.0,12.4,80.0,0,0,0,normal,none,0.008759433252739701,0.017767613088721504,0.4832405667472603,0.0,0.0,1.687538997430238e-14,0.1,5.599999904632568,11,4,10.0
1790515256200000,57,1,4.0,19.1334,72.9133371,33.784,5.17,0.0,2.68,90.01,3.0,19.1334,72.9133371,33.784,5.17,12.0,0.048563439295578596,0.08129279264783933,1.5711319517576028,30.0,12.4,80.0,0,0,0,normal,none,0.008261484491413063,0.015948811759484677,0.5252614844914131,0.0,0.0,0.009999999999983356,0.1,5.700000047683716,11,4,10.0
1790515256300000,58,1,4.0,19.1334,72.9133422,34.027,5.41,0.0,2.43,89.95,3.0,19.1334,72.9133422,34.027,5.41,12.0,0.05,0.07559903880220113,1.5700757448756482,30.0,12.4,80.0,0,0,0,normal,none,0.0052332864457695916,0.009655510047545371,0.5357667135542304,0.0,0.0,2.0872192862952943e-14,0.1,5.799999952316284,11,4,10.0
1790515256400000,59,1,4.0,19.1334,72.9133476,34.248,5.63,0.0,2.21,89.97,3.0,19.1334,72.9133476,34.248,5.63,12.0,0.05,0.06629588921605485,1.5703389218898924,30.0,12.4,80.0,0,0,0,normal,none,0.004282402235565641,0.007592911765187306,0.5672824022355657,0.0,0.0,3.4638958368304884e-14,0.1,5.900000095367432,11,3,10.0
1790515256500000,60,1,4.0,19.1334,72.9133531,34.448,5.83,0.0,1.99,89.97,3.0,19.1334,72.9133531,34.448,5.83,12.0,0.05,0.06413580420590935,1.5703449759539663,30.0,12.4,80.0,0,0,0,normal,none,0.005212367208734081,0.00892528631632548,0.577787632791266,0.0,0.0,0.01000000000002843,0.1,6.0,11,4,10.0
1790515256600000,61,1,4.0,19.1334,72.9133589,34.628,6.0,0.0,1.79,90.05,3.0,19.1334,72.9133589,34.628,6.0,12.0,0.05,0.060888321991796966,1.57183915829582,30.0,12.4,80.0,0,0,0,normal,none,0.009303322965483973,0.015479738711287806,0.6093033229654841,0.0,0.0,0.009999999999997122,0.1,6.099999904632568,11,4,10.0
1790515256700000,62,1,4.0,19.1334,72.9133647,34.789,6.17,0.0,1.61,90.06,3.0,19.1334,72.9133647,34.789,6.17,12.0,0.05,0.05567274457049958,1.5719996829321428,30.0,12.4,80.0,0,0,0,normal,none,0.007696678527398748,0.012454172374431631,0.6093033214726012,0.0,0.0,1.354472090042691e-14,0.1,6.200000047683716,11,4,10.0
1790515256800000,63,1,4.0,19.1334,72.9133708,34.933,6.33,0.0,1.44,90.03,3.0,19.1334,72.9133708,34.933,6.33,12.0,0.05,0.05000345369670163,1.5714893639527912,30.0,12.4,80.0,0,0,0,normal,none,0.007819010153936379,0.01233282358665044,0.6408190101539364,0.0,0.0,1.6431300764452317e-14,0.1,6.299999952316284,11,4,10.0
1790515256900000,64,1,4.0,19.1334,72.9133769,35.063,6.47,0.0,1.29,90.07,3.0,19.1334,72.9133769,35.063,6.47,12.0,0.05,0.04714577035701143,1.5721241985143148,30.0,12.4,80.0,0,0,0,normal,none,0.006180988353180705,0.009538562273427014,0.6408190116468193,0.0,0.0,0.010000000000025544,0.1,6.400000095367432,11,3,10.0
1790515257000000,65,1,4.0,19.1334,72.9133832,35.177,6.6,0.0,1.14,90.07,3.0,19.1334,72.9133832,35.177,6.6,12.0,0.05,0.04544888873250126,1.572115760072547,30.0,12.4,80.0,0,0,0,normal,none,0.0018294697724542397,0.002767730366799152,0.6618294697724543,0.0,0.0,2.7755575615628914e-14,0.1,6.5,11,4,10.0
1790515257100000,66,1,4.0,19.1334,72.9133896,35.277,6.72,-0.01,1.0,90.13,3.0,19.1334,72.9133896,35.277,6.72,12.0,0.05,0.04180677296634738,1.573222278966189,30.0,12.4,80.0,0,0,0,normal,none,0.0003339562809474561,0.0004962197796976448,0.6723347003281546,0.0,0.0,1.4210854715202004e-14,0.1,6.599999904632568,11,4,10.0
1790515257200000,67,1,4.0,19.1334,72.9133961,35.366,6.82,-0.01,0.88,90.14,3.0,19.1334,72.9133961,35.366,6.82,12.0,0.05,0.035990681047242415,1.5732915636225597,30.0,12.4,80.0,0,0,0,normal,none,0.000839196253536012,0.0012286901211380483,0.6828399293909719,0.0,0.0,0.009999999999986353,0.1,6.700000047683716,11,4,10.0
1790515257300000,68,1,4.0,19.1333999,72.9134027,35.443,6.92,0.0,0.77,90.05,3.0,19.1333999,72.9134027,35.443,6.92,12.0,0.05,0.033355379359165466,1.5718069301103212,30.0,12.4,80.0,0,0,0,normal,none,0.0014343188245414806,0.00206972413353749,0.6934343188245415,0.0,0.0,1.8207657603852567e-14,0.1,6.799999952316284,11,4,10.0
1790515257400000,69,1,4.0,19.1333999,72.9134094,35.511,7.01,-0.01,0.67,90.14,3.0,19.1333999,72.9134094,35.511,7.01,12.0,0.05,0.030373493759476802,1.5733749341948682,30.0,12.4,80.0,0,0,0,normal,none,0.0028496761692822226,0.004059363637997918,0.7038503894356811,0.0,0.0,0.010000000000049414,0.1,6.900000095367432,11,3,10.0
1790515257500000,70,1,4.0,19.1333999,72.9134162,35.569,7.11,-0.01,0.58,90.11,3.0,19.1333999,72.9134162,35.569,7.11,12.0,0.05,0.02946607505633338,1.5728086344395455,30.0,12.4,80.0,0,0,0,normal,none,0.0033549152703268303,0.004711954995389551,0.7143556185048596,0.0,0.0,1.6653345369377348e-15,0.1,7.0,11,4,10.0
1790515257600000,71,1,4.0,19.1333999,72.913423,35.618,7.18,0.0,0.49,90.07,3.0,19.1333999,72.913423,35.618,7.18,12.0,0.05,0.027409005618734925,1.5721111841742987,30.0,12.4,80.0,0,0,0,normal,none,0.0036443814951403475,0.005068680799917034,0.7143556185048596,0.0,0.0,5.10702591327572e-15,0.1,7.099999904632568,11,4,10.0
1790515257700000,72,1,4.0,19.1333999,72.9134299,35.658,7.25,0.0,0.39,90.05,3.0,19.1333999,72.9134299,35.658,7.25,12.0,0.05,0.02764064671341462,1.5717370589094777,30.0,12.4,80.0,0,0,0,normal,none,0.00013915093307903525,0.00019166795189949756,0.724860849066921,0.0,0.0,0.00999999999999146,0.1,7.200000047683716,11,4,10.0
1790515257800000,73,1,4.0,19.1333999,72.9134369,35.69,7.3,0.0,0.32,89.99,3.0,19.1333999,72.9134369,35.69,7.3,12.0,0.05,0.024163250698431466,1.5707158698707144,30.0,12.4,80.0,0,0,0,normal,none,0.005366078136099683,0.007340736164295053,0.7353660781360997,0.0,0.0,3.524958103184872e-14,0.1,7.299999952316284,11,4,10.0
1790515257900000,74,1,4.0,19.1333999,72.9134439,35.716,7.36,0.0,0.25,89.93,3.0,19.1333999,72.9134439,35.716,7.36,12.0,0.05,0.019791695052432445,1.5696626262298523,30.0,12.4,80.0,0,0,0,normal,none,0.0006339203710176156,0.0008601361886263439,0.7353660796289825,0.0,0.0,0.010000000000033538,0.1,7.400000095367432,11,3,10.0
1790515258000000,75,1,4.0,19.1333999,72.913451,35.734,7.41,0.0,0.18,89.92,3.0,19.1333999,72.913451,35.734,7.41,12.0,0.05,0.021956130322567,1.5695405924817005,30.0,12.4,80.0,0,0,0,normal,none,0.004871307205277842,0.006565104050239678,0.745871307205278,0.0,0.0,6.827871601444713e-15,0.1,7.5,11,4,10.0
1790515258100000,76,1,4.0,19.1333999,72.9134581,35.746,7.46,0.01,0.12,89.89,3.0,19.1333999,72.9134581,35.746,7.46,12.0,0.05,0.018471463706950998,1.5689480969427008,30.0,12.4,80.0,0,0,0,normal,none,0.00012936154282494616,0.00017317460074461985,0.7458713086981609,0.0,0.0,4.551914400963142e-15,0.1,7.599999904632568,11,4,10.0
1790515258200000,77,1,4.0,19.1333999,72.9134652,35.753,7.48,0.0,0.06,89.98,3.0,19.1333999,72.9134652,35.753,7.48,12.0,0.05,0.01835863970601413,1.5706097340109053,30.0,12.4,80.0,0,0,0,normal,none,0.002128691301839236,0.0028420444617346273,0.7458713086981609,0.0,0.0,0.00999999999997897,0.1,7.700000047683716,11,4,10.0
1790515258300000,78,1,4.0,19.1333999,72.9134724,35.754,7.53,0.0,0.01,89.98,3.0,19.1333999,72.9134724,35.754,7.53,12.0,0.05,0.015536079059960906,1.5704925627704018,30.0,12.4,80.0,0,0,0,normal,none,0.0033765377673392605,0.004478166800184695,0.7563765377673394,0.0,0.0,2.3306009899748403e-14,0.1,7.799999952316284,11,4,10.0
1790515258400000,79,1,4.0,19.1333999,72.9134796,35.749,7.56,0.0,-0.04,89.97,3.0,19.1333999,72.9134796,35.749,7.56,12.0,0.05,0.01805987878841592,1.5704207475901413,30.0,12.4,80.0,0,0,0,normal,none,0.00037653776733936883,0.0004974078828789549,0.7563765377673394,0.0,0.0,0.009999999999954524,0.1,7.900000095367432,11,3,10.0
1790515258500000,80,1,4.0,19.1333999,72.9134868,35.74,7.6,0.0,-0.09,89.93,3.0,19.1333999,72.9134868,35.74,7.6,12.0,0.05,0.014455936274115235,1.5696770423957185,30.0,12.4,80.0,0,0,0,normal,none,0.0036234622326606347,0.00476144840034249,0.7563765377673394,0.0,0.0,3.4139358007223564e-15,0.1,8.0,11,4,10.0
1790515258600000,81,1,4.0,19.1334,72.9134941,35.727,7.64,0.0,-0.13,89.96,3.0,19.1334,72.9134941,35.727,7.64,12.0,0.05,0.011891775250921765,1.5702460799486906,30.0,12.4,80.0,0,0,0,normal,none,0.0029623763354296173,0.003872387366574663,0.7669623763354296,0.0,0.0,5.229150445984487e-14,0.1,8.099999904632568,11,4,10.0
1790515258700000,82,1,4.0,19.1334,72.9135014,35.71,7.66,0.0,-0.16,89.96,3.0,19.1334,72.9135014,35.71,7.66,12.0,0.05,0.00889930183421258,1.5702327156434064,30.0,12.4,80.0,0,0,0,normal,none,0.000881767865043237,0.0011496321578138684,0.7668817678650433,0.0,0.0,0.00999999999995907,0.1,8.200000047683716,11,4,10.0
1790515258800000,83,1,4.0,19.1334,72.9135087,35.689,7.69,0.0,-0.21,89.99,3.0,19.1334,72.9135087,35.689,7.69,12.0,0.05,0.014810524069606992,1.570722543368488,30.0,12.4,80.0,0,0,0,normal,none,0.002118233627839916,0.002750952763428462,0.7668817663721602,0.0,0.0,7.965850201685498e-15,0.1,8.299999952316284,11,4,10.0
1790515258900000,84,1,4.0,19.1334,72.9135161,35.665,7.72,0.0,-0.24,89.96,3.0,19.1334,72.9135161,35.665,7.72,12.0,0.05,0.009193514373374666,1.5702352884752866,30.0,12.4,80.0,0,0,0,normal,none,0.005386996927860488,0.00696894816023349,0.7773869969278605,0.0,0.0,9.103828801926284e-15,0.1,8.400000095367432,11,3,10.0
1790515259000000,85,1,4.0,19.1334,72.9135234,35.637,7.74,0.01,-0.27,89.91,3.0,19.1334,72.9135234,35.637,7.74,12.0,0.05,0.01149454838456206,1.5692524847832157,30.0,12.4,80.0,0,0,0,normal,none,0.007118878129519279,0.00918564154276747,0.7668817678650433,0.0,0.0,0.009999999999986908,0.1,8.5,11,4,10.0
1790515259100000,86,1,4.0,19.1334,72.9135308,35.607,7.75,0.0,-0.3,89.97,3.0,19.1334,72.9135308,35.607,7.75,12.0,0.05,0.007316336208502363,1.5703313400744592,30.0,12.4,80.0,0,0,0,normal,none,0.0023869969278604852,0.0030760269688923777,0.7773869969278605,0.0,0.0,1.1379786002407855e-14,0.1,8.599999904632568,11,4,10.0
1790515259200000,87,1,4.0,19.1334,72.9135382,35.574,7.77,0.01,-0.32,89.89,3.0,19.1334,72.9135382,35.574,7.77,12.0,0.05,0.007318962761055453,1.569016408854642,30.0,12.4,80.0,0,0,0,normal,none,0.00038635342748338797,0.000496597825093188,0.7773869969278605,0.0,0.0,0.010000000000012499,0.1,8.700000047683716,11,4,10.0
1790515259300000,88,1,4.0,19.1334,72.9135456,35.539,7.79,0.01,-0.35,89.88,3.0,19.1334,72.9135456,35.539,7.79,12.0,0.05,0.007922600024542014,1.5688050774919866,30.0,12.4,80.0,0,0,0,normal,none,0.0016136449203988379,0.002068773836615323,0.7773869969278605,0.0,0.0,3.4083846855992306e-14,0.1,8.799999952316284,11,4,10.0
1790515259400000,89,1,4.0,19.1334,72.9135531,35.502,7.8,0.01,-0.37,89.87,3.0,19.1334,72.9135531,35.502,7.8,12.0,0.05,0.006952924143149415,1.5686369023898392,30.0,12.4,80.0,0,0,0,normal,none,0.007891584965300291,0.010104453889998618,0.787892225990678,0.0,0.0,9.658940314238862e-15,0.1,8.900000095367432,11,3,10.0
1790515259500000,90,1,4.0,19.1334,72.9135605,35.462,7.82,0.01,-0.39,89.87,3.0,19.1334,72.9135605,35.462,7.82,12.0,0.05,0.005505474737591701,1.568616187013804,30.0,12.4,80.0,0,0,0,normal,none,0.004613642458067391,0.0058922588641634605,0.7773869969278605,0.0,0.0,0.00999999999999146,0.1,9.0,11,4,10.0
1790515259600000,91,1,4.0,19.1334,72.913568,35.422,7.83,0.01,-0.4,89.88,3.0,19.1334,72.913568,35.422,7.83,12.0,0.05,0.004655568191943396,1.568866832942332,30.0,12.4,80.0,0,0,0,normal,none,0.00489158742133422,0.006239264588177458,0.787892225990678,0.0,0.0,6.250555628639631e-14,0.1,9.099999904632568,11,4,10.0
1790515259700000,92,1,4.0,19.1334,72.9135754,35.379,7.84,0.0,-0.42,89.97,3.0,19.1334,72.9135754,35.379,7.84,12.0,0.05,0.004822680292774908,1.570290046753542,30.0,12.4,80.0,0,0,0,normal,none,0.006613003072139523,0.008424207735209582,0.7773869969278605,0.0,0.0,0.009999999999992626,0.1,9.200000047683716,11,4,10.0
1790515259800000,93,1,4.0,19.1334,72.9135829,35.336,7.85,0.0,-0.43,90.02,3.0,19.1334,72.9135829,35.336,7.85,12.0,0.05,0.003394104247912053,1.571222371591575,30.0,12.4,80.0,0,0,0,normal,none,0.0028922259906779546,0.003679676832923606,0.787892225990678,0.0,0.0,7.382983113757291e-15,0.1,9.299999952316284,11,4,10.0
1790515259900000,94,1,4.0,19.1334,72.9135904,35.291,7.86,-0.01,-0.44,90.08,3.0,19.1334,72.9135904,35.291,7.86,12.0,0.05,0.0044649829765312345,1.572309103298741,30.0,12.4,80.0,0,0,0,normal,none,0.0018915913515028526,0.0024035448825043197,0.787892227483561,0.0,0.0,0.01000000000001705,0.1,9.400000095367432,11,3,10.0
1790515260000000,95,1,4.0,19.1334,72.9135979,35.245,7.86,-0.01,-0.46,90.14,3.0,19.1334,72.9135979,35.245,7.86,12.0,0.05,0.0035442323366673216,1.5732746349733442,30.0,12.4,80.0,0,0,0,normal,none,0.0018915898586198132,0.0024035429855769593,0.787892225990678,0.0,0.0,6.2727600891321345e-15,0.1,9.5,11,4,10.0
1790515260100000,96,1,4.0,19.1334,72.9136054,35.197,7.87,-0.01,-0.47,90.1,3.0,19.1334,72.9136054,35.197,7.87,12.0,0.05,0.005138759022915998,1.5726198030960783,30.0,12.4,80.0,0,0,0,normal,none,0.0008915906669191287,0.0011314593249697174,0.787892225990678,0.0,0.0,0.009999999999947162,0.1,9.599999904632568,11,4,10.0
1790515260200000,97,1,4.0,19.1334,72.9136129,35.148,7.88,-0.01,-0.48,90.08,3.0,19.1334,72.9136129,35.148,7.88,12.0,0.05,0.0032090869549931734,1.5722026044634685,30.0,12.4,80.0,0,0,0,normal,none,0.00010840703395009754,0.00013739790464983655,0.787892227483561,0.0,0.0,0.009999999999994902,0.1,9.700000047683716,11,4,10.0
1790515260300000,98,1,4.0,19.1334,72.9136204,35.098,7.88,0.0,-0.49,90.04,3.0,19.1334,72.9136204,35.098,7.88,12.0,0.05,0.002372443422489392,1.5715174320699696,30.0,12.4,80.0,0,0,0,normal,none,0.00010777400932204806,0.00013659570256279854,0.787892225990678,0.0,0.0,0.010000000000042641,0.1,9.799999952316284,11,4,10.0
1790515260400000,99,1,4.0,19.1334,72.9136279,35.047,7.89,0.0,-0.51,90.01,3.0,19.133395,72.9136138,35.047,7.89,12.0,0.05,0.004545725902838129,1.5710945808539776,30.0,12.4,80.0,0,0,0,attack,gps_spoofing,0.09972680443072701,0.12623646130471772,0.888726804430727,1.5821416242977837,0.0,1.9317880628477724e-14,0.1,9.900000095367432,11,3,10.0
1790515260500000,100,1,4.0,19.1334,72.9136354,34.995,7.89,0.0,-0.51,90.01,3.0,19.1334026,72.913749,34.995,7.89,12.0,0.05,0.002519766984232314,1.5711354398984168,30.0,12.4,80.0,0,0,0,attack,gps_spoofing,13.439189236684522,17.01163194517028,14.228189236684521,11.937442113623261,0.0,0.009999999999996012,0.1,10.0,11,4,10.0
1790515260600000,101,1,4.0,19.1334,72.9136429,34.943,7.9,0.0,-0.52,90.01,3.0,19.1334078,72.9138465,34.943,7.9,12.0,0.05,0.0005491247020325748,1.5710705959676439,30.0,12.4,80.0,0,0,0,attack,gps_spoofing,9.468906093437685,11.970804163638034,10.258906093437684,21.406224549867215,0.0,3.9968028886505635e-15,0.1,10.099999904632568,11,4,10.0
1790515260700000,102,1,4.0,19.1334,72.9136505,34.89,7.9,0.0,-0.52,89.99,3.0,19.1334073,72.913927,34.89,7.9,12.0,0.05,0.0020834178084674793,1.5706929033130055,30.0,12.4,80.0,0,0,0,attack,gps_spoofing,7.666892280299568,9.692657750062665,8.456892280299568,29.05829846433674,0.0,0.009999999999972697,0.1,10.200000047683716,11,4,10.0
1790515260800000,103,1,4.0,19.1334,72.913658,34.837,7.91,0.0,-0.53,89.99,3.0,19.1333956,72.9140342,34.837,7.91,12.0,0.05,0.0017976847558375615,1.5706276279931861,30.0,12.4,80.0,0,0,0,attack,gps_spoofing,10.545504405474674,13.315030814993275,11.336504405474674,39.52370347180596,0.0,2.731148640577885e-14,0.1,10.299999952316284,11,4,10.0
1790515260900000,104,1,4.0,19.1334,72.9136656,34.783,7.93,0.0,-0.53,89.96,3.0,19.1333794,72.9140477,34.783,7.93,12.0,0.05,0.001226612141783978,1.5701449697973773,30.0,12.4,80.0,0,0,0,attack,gps_spoofing,1.499640125763198,1.8887155236312316,2.292640125763198,40.20579146324239,0.0,0.010000000000020437,0.1,10.400000095367432,11,3,10.0
1790515261000000,105,1,4.0,19.1334,72.9136731,34.728,7.93,0.0,-0.55,89.96,3.0,19.1333909,72.9140709,34.728,7.93,12.0,0.05,0.004606459523556817,1.570117651274597,30.0,12.4,80.0,0,0,0,attack,gps_spoofing,1.9593062123386118,2.467640065917647,2.752306212338612,41.802054660221025,0.0,2.886579864025407e-15,0.1,10.5,11,4,10.0
1790515261100000,106,1,4.0,19.1334,72.9136807,34.671,7.93,0.0,-0.56,89.94,3.0,19.1334018,72.9140757,34.671,7.93,12.0,0.05,0.0044373960458017085,1.569772965173436,30.0,12.4,80.0,0,0,0,attack,gps_spoofing,0.5197349183297871,0.6545779827831072,1.3127349183297872,41.49613951188349,0.0,0.010000000000021547,0.1,10.599999904632568,11,4,10.0
1790515261200000,107,1,4.0,19.1334,72.9136882,34.614,7.93,0.0,-0.56,89.94,3.0,19.1333911,72.9140908,34.614,7.93,12.0,0.05,0.0007691519885541471,1.569855386362537,30.0,12.4,80.0,0,0,0,attack,gps_spoofing,1.1899032442780118,1.4986186955642464,1.982903244278012,42.30563360135909,0.0,0.010000000000021547,0.1,10.700000047683716,11,4,10.0
1790515261300000,108,1,4.0,19.1334,72.9136958,34.557,7.93,0.0,-0.56,90.02,3.0,19.1334046,72.9140721,34.557,7.93,12.0,0.05,-0.00038023255743535394,1.5712227098895573,30.0,12.4,80.0,0,0,0,attack,gps_spoofing,1.6793610606965967,2.1150643081821117,2.472361060696597,39.53448721604444,0.0,0.009999999999950493,0.1,10.799999952316284,11,4,10.0
1790515261400000,109,1,4.0,19.1334,72.9137033,34.501,7.93,0.0,-0.56,90.0,3.0,19.1334112,72.9140526,34.501,7.93,12.0,0.05,-0.0011068065518853554,1.5709371929244789,30.0,12.4,80.0,0,0,0,attack,gps_spoofing,1.383010609329816,1.7418269638914559,2.176010609329816,36.7158922475971,0.0,4.4853010194856324e-14,0.1,10.900000095367432,11,3,10.0
1790515261500000,110,1,4.0,19.1334,72.9137109,34.444,7.93,-0.01,-0.57,90.07,3.0,19.1334152,72.9141136,34.444,7.93,12.0,0.05,0.0019534355359249606,1.5721710359795322,30.0,12.4,80.0,0,0,0,attack,gps_spoofing,5.630605979664364,7.091437668002477,6.423606610181137,42.3383055099011,0.0,4.9404924595819466e-14,0.1,11.0,11,4,10.0
1790515261600000,111,1,4.0,19.1334,72.9137184,34.386,7.94,-0.01,-0.57,90.08,3.0,19.133398,72.91411,34.386,7.94,12.0,0.05,0.0017938645852708832,1.5723301705737578,30.0,12.4,80.0,0,0,0,attack,gps_spoofing,1.1555850564195167,1.4535649573291918,1.949585686142189,41.139081053039995,0.0,0.009999999999998344,0.1,11.099999904632568,11,4,10.0
1790515261700000,112,1,4.0,19.1334,72.913726,34.328,7.94,0.0,-0.57,90.02,3.0,19.1334145,72.9141251,34.328,7.94,12.0,0.05,-0.0007039032131596016,1.571284180540494,30.0,12.4,80.0,0,0,0,attack,gps_spoofing,1.6313862339114817,2.052058155863499,2.425386233911482,41.957358473820335,0.0,0.009999999999998344,0.1,11.200000047683716,11,4,10.0
1790515261800000,113,1,4.0,19.1334,72.9137335,34.27,7.93,0.0,-0.58,89.95,3.0,19.1334001,72.9141199,34.27,7.93,12.0,0.05,0.0024565482714475496,1.5700495086939945,30.0,12.4,80.0,0,0,0,attack,gps_spoofing,0.8988264430840117,1.1320232280655058,1.6918264430840118,40.59220900665114,0.0,1.6653345369377348e-15,0.1,11.299999952316284,11,4,10.0
1790515261900000,114,1,4.0,19.1334,72.9137411,34.212,7.95,0.0,-0.58,90.0,3.0,19.1333834,72.9141167,34.212,7.95,12.0,0.05,-0.0006016623596810928,1.5709449114147884,30.0,12.4,80.0,0,0,0,attack,gps_spoofing,1.092138416665235,1.3720331867653706,1.8871384166652352,39.500797338056444,0.0,1.6653345369377348e-15,0.1,11.400000095367432,11,3,10.0
1790515262000000,115,1,4.0,19.1334,72.9137487,34.154,7.95,0.0,-0.58,90.01,3.0,19.1333707,72.914147,34.154,7.95,12.0,0.05,-0.00020176916857259523,1.571036265691148,30.0,12.4,80.0,0,0,0,attack,gps_spoofing,2.6872795657138413,3.3759793539118608,3.4822795657138412,41.96898647509278,0.0,1.6653345369377348e-15,0.1,11.5,11,4,10.0
1790515262100000,116,1,4.0,19.1334,72.9137563,34.096,7.94,0.0,-0.58,90.0,3.0,19.1334022,72.9141317,34.096,7.94,12.0,0.05,0.0007123984498371473,1.5708235864570148,30.0,12.4,80.0,0,0,0,attack,gps_spoofing,3.059816546334541,3.848825844445963,3.853816546334541,39.43739043693474,0.0,6.938893903907228e-14,0.1,11.599999904632568,11,4,10.0
1790515262200000,117,1,4.0,19.1334,72.9137638,34.038,7.95,0.0,-0.57,89.95,3.0,19.1334238,72.9141569,34.038,7.95,12.0,0.05,-0.0017336147696961374,1.569968227539576,30.0,12.4,80.0,0,0,0,attack,gps_spoofing,2.7794906228854033,3.491822390559552,3.574490622885403,41.380763007089385,0.0,0.009999999999998344,0.1,11.700000047683716,11,4,10.0
1790515262300000,118,1,4.0,19.1334,72.9137714,33.98,7.96,0.0,-0.58,89.94,3.0,19.1333961,72.9141664,33.98,7.96,12.0,0.05,0.0021726227803857425,1.56978759938031,30.0,12.4,80.0,0,0,0,attack,gps_spoofing,2.4417477410264787,3.063673451727075,3.237747741026479,41.49792421387862,0.0,1.6653345369377348e-15,0.1,11.799999952316284,11,4,10.0
1790515262400000,119,1,4.0,19.1334,72.913779,33.921,7.95,0.0,-0.58,89.99,3.0,19.133383,72.9141701,33.921,7.95,12.0,0.05,0.0014853473594429723,1.570709658645225,30.0,12.4,80.0,0,0,0,attack,gps_spoofing,0.7126213716796196,0.8952529794970094,1.5076213716796196,41.129420036228304,0.0,0.009999999999975029,0.1,11.900000095367432,11,3,10.0
1790515262500000,120,1,4.0,19.1334,72.9137866,33.862,7.96,0.0,-0.58,89.99,3.0,19.1333979,72.9141877,33.862,7.96,12.0,0.05,0.00015459574231440818,1.5707126775672868,30.0,12.4,80.0,0,0,0,attack,gps_spoofing,1.6866412677708869,2.11623747524578,2.482641267770887,42.13712382776016,0.0,0.009999999999975029,0.1,12.0,11,4,10.0
1790515262600000,121,1,4.0,19.1334,72.9137941,33.803,7.95,0.0,-0.59,89.93,3.0,19.1333914,72.9141653,33.803,7.95,12.0,0.05,0.0005647928894963778,1.5696392931670855,30.0,12.4,80.0,0,0,0,attack,gps_spoofing,1.6666678535410333,2.093803836106826,2.4616678535410332,39.007138145890615,0.0,4.6074255521943996e-14,0.1,12.099999904632568,11,4,10.0
1790515262700000,122,1,4.0,19.1334,72.9138017,33.743,7.96,0.01,-0.59,89.92,3.0,19.1333947,72.9141816,33.743,7.96,12.0,0.05,0.002343099919978661,1.5695303203640003,30.0,12.4,80.0,0,0,0,attack,gps_spoofing,0.9552270618868761,1.1985273639188854,1.7512276900273318,39.91371990192496,0.0,0.009999999999951714,0.1,12.200000047683716,11,4,10.0
1790515262800000,123,1,4.0,19.1334,72.9138093,33.683,7.96,0.0,-0.6,90.05,3.0,19.1333903,72.9142228,33.683,7.96,12.0,0.05,0.0004937492718066961,1.571719582638752,30.0,12.4,80.0,0,0,0,attack,gps_spoofing,3.5597201221316803,4.466399149475132,4.355720122131681,43.45251591315383,0.0,2.275957200481571e-14,0.1,12.299999952316284,11,4,10.0
1790515262900000,124,1,4.0,19.1334,72.9138169,33.621,7.96,0.0,-0.61,90.0,3.0,19.1334004,72.9141981,33.621,7.96,12.0,0.05,0.0034772130302595855,1.570892140137376,30.0,12.4,80.0,0,0,0,attack,gps_spoofing,2.0314065054289605,2.548816192508106,2.8274065054289608,40.04596016738621,0.0,0.009999999999976139,0.1,12.400000095367432,11,3,10.0
1790515263000000,125,1,4.0,19.1334,72.9138245,33.559,7.96,0.0,-0.62,90.01,3.0,19.1334008,72.9142056,33.559,7.96,12.0,0.05,0.0024423271427604777,1.5710872880007416,30.0,12.4,80.0,0,0,0,attack,gps_spoofing,0.006853343161272174,0.008598924920040368,0.7891466568387279,40.03552896796577,0.0,4.718447854656915e-14,0.1,12.5,11,4,10.0
1790515263100000,126,1,4.0,19.1334,72.913832,33.498,7.95,0.0,-0.61,90.05,3.0,19.1333921,72.9142059,33.498,7.95,12.0,0.05,-0.0011920460179631253,1.5718131078642863,30.0,12.4,80.0,0,0,0,attack,gps_spoofing,0.1729090828391291,0.21722246587830288,0.9679090828391291,39.28887719886489,0.0,5.551115123125783e-16,0.1,12.599999904632568,11,4,10.0
1790515263200000,127,1,4.0,19.1334,72.9138396,33.436,7.96,-0.01,-0.61,90.1,3.0,19.1333799,72.9142081,33.436,7.96,12.0,0.05,0.0006733695719771078,1.5726415773213418,30.0,12.4,80.0,0,0,0,attack,gps_spoofing,0.5801237611668617,0.72788369379381,1.3761243893073174,38.77624162838225,0.0,0.009999999999976139,0.1,12.700000047683716,11,4,10.0
1790515263300000,128,1,4.0,19.1334,72.9138472,33.373,7.96,-0.01,-0.62,90.08,3.0,19.1334133,72.914231,33.373,7.96,12.0,0.05,0.0026902615306723513,1.572289852852499,30.0,12.4,80.0,0,0,0,attack,gps_spoofing,3.628986555650598,4.5533045113372985,4.424987183791053,40.346181861530674,0.0,0.010000000000023879,0.1,12.799999952316284,11,4,10.0
1790515263400000,129,1,4.0,19.1334,72.9138548,33.311,7.96,-0.01,-0.62,90.13,3.0,19.1333924,72.9142278,33.311,7.96,12.0,0.05,-0.0014074597198013724,1.573072124977991,30.0,12.4,80.0,0,0,0,attack,gps_spoofing,1.5521610987103538,1.9475029804328032,2.3481617268508095,39.19362029425003,0.0,2.3869795029440866e-14,0.1,12.900000095367432,11,3,10.0
1790515263500000,130,1,4.0,19.1333999,72.9138624,33.248,7.97,-0.01,-0.63,90.12,3.0,19.1333937,72.9142386,33.248,7.97,12.0,0.05,0.0035492563032111235,1.5729115251059222,30.0,12.4,80.0,0,0,0,attack,gps_spoofing,0.34673582998886376,0.4345057110284406,1.143736457341189,39.5266882388715,0.0,2.3869795029440866e-14,0.1,13.0,11,4,10.0
1790515263600000,131,1,4.0,19.1333999,72.91387,33.185,7.98,0.0,-0.62,90.05,3.0,19.1334183,72.9142302,33.185,7.98,12.0,0.05,-0.002288554076086543,1.5717571018297594,30.0,12.4,80.0,0,0,0,attack,gps_spoofing,2.076210467125632,2.5985112229357097,2.874210467125632,37.89510566403429,0.0,0.009999999999952824,0.1,13.099999904632568,11,4,10.0
1790515263700000,132,1,4.0,19.1333999,72.9138776,33.122,7.98,0.0,-0.62,90.03,3.0,19.1333903,72.9142646,33.122,7.98,12.0,0.05,2.1545038152149525e-05,1.5713415160069806,30.0,12.4,80.0,0,0,0,attack,gps_spoofing,3.9720277995755486,4.971248810482539,4.770027799575549,40.669252980265455,0.0,0.010000000000023879,0.1,13.200000047683716,11,4,10.0
1790515263800000,133,1,4.0,19.1333999,72.9138852,33.059,7.98,0.0,-0.63,89.99,3.0,19.133394,72.9142702,33.059,7.98,12.0,0.05,0.0013206481582078763,1.5707018020224452,30.0,12.4,80.0,0,0,0,attack,gps_spoofing,0.08011703906690193,0.10027163838160441,0.7178829609330981,40.45045622243058,0.0,2.3869795029440866e-14,0.1,13.299999952316284,11,4,10.0
1790515263900000,134,1,4.0,19.1333999,72.9138928,32.996,7.98,0.0,-0.63,90.0,3.0,19.1334048,72.9142705,32.996,7.98,12.0,0.05,0.00041210525619374874,1.5709191411743664,30.0,12.4,80.0,0,0,0,attack,gps_spoofing,0.40331867424985335,0.5047793169585149,1.2013186742498534,39.68199212649171,0.0,4.718447854656915e-14,0.1,13.400000095367432,11,3,10.0
1790515264000000,135,1,4.0,19.1333999,72.9139004,32.932,7.98,0.0,-0.63,89.96,3.0,19.1334204,72.9142947,32.932,7.98,12.0,0.05,0.0020242156258792484,1.5702032808680293,30.0,12.4,80.0,0,0,0,attack,gps_spoofing,2.2796763312538757,2.853161866400345,3.0776763312538757,41.4847894720455,0.0,0.010000000000000564,0.1,13.5,11,4,10.0
1790515264100000,136,1,4.0,19.1333999,72.913908,32.867,7.98,0.0,-0.65,89.97,3.0,19.1333966,72.914313,32.867,7.98,12.0,0.05,0.004237153651944321,1.5703724381341462,30.0,12.4,80.0,0,0,0,attack,gps_spoofing,2.4730062552663745,3.0951267274923335,3.2710062552663746,42.54776344396344,0.0,4.829470157119431e-14,0.1,13.599999904632568,11,4,10.0
1790515264200000,137,1,4.0,19.1333999,72.9139156,32.802,7.98,0.0,-0.64,89.98,3.0,19.1334013,72.9142892,32.802,7.98,12.0,0.05,-0.0013468106050251061,1.5705753455170024,30.0,12.4,80.0,0,0,0,attack,gps_spoofing,1.7562809043103016,2.1980987538301644,2.5542809043103016,39.247846532309175,0.0,0.00999999999997725,0.1,13.700000047683716,11,4,10.0
1790515264300000,138,1,4.0,19.1333999,72.9139232,32.737,7.98,0.0,-0.65,89.98,3.0,19.13339,72.9143058,32.737,7.98,12.0,0.05,0.0008404498277445567,1.5705949520426978,30.0,12.4,80.0,0,0,0,attack,gps_spoofing,1.3513895358404557,1.6913511086864277,2.149389535840456,40.2080834735589,0.0,2.275957200481571e-14,0.1,13.799999952316284,11,4,10.0
1790515264400000,139,1,4.0,19.1333999,72.9139308,32.671,7.98,0.0,-0.65,90.01,3.0,19.1334109,72.9143027,32.671,7.98,12.0,0.05,0.001331847828549642,1.5710330814748072,30.0,12.4,80.0,0,0,0,attack,gps_spoofing,1.5486808054573502,1.938273849133104,2.3466808054573502,39.08808862125668,0.0,0.010000000000024989,0.1,13.900000095367432,11,3,10.0
1790515264500000,140,1,4.0,19.1333999,72.9139384,32.606,7.98,0.0,-0.65,90.03,3.0,19.1333969,72.9143426,32.606,7.98,12.0,0.05,-0.0004351887673626885,1.5713476874475845,30.0,12.4,80.0,0,0,0,attack,gps_spoofing,3.6733313857053247,4.597410995876501,4.471331385705325,42.46344949844517,0.0,2.275957200481571e-14,0.1,14.0,11,4,10.0
1790515264600000,141,1,4.0,19.1333999,72.913946,32.541,7.98,0.0,-0.64,90.04,3.0,19.1333961,72.9143175,32.541,7.98,12.0,0.05,-0.001720700950227412,1.5715259431848776,30.0,12.4,80.0,0,0,0,attack,gps_spoofing,1.8403128031254283,2.3032700915211866,2.6383128031254284,39.02921654331643,0.0,0.010000000000048304,0.1,14.099999904632568,11,4,10.0
1790515264700000,142,1,4.0,19.1333999,72.9139536,32.476,7.98,0.0,-0.64,90.01,3.0,19.1333962,72.9143201,32.476,7.98,12.0,0.05,1.920355387921657e-05,1.5711253397347789,30.0,12.4,80.0,0,0,0,attack,gps_spoofing,0.5246377755000009,0.6566179918648322,0.27336222449999914,38.50386580704803,0.0,0.00999999999997725,0.1,14.200000047683716,11,4,10.0
1790515264800000,143,1,4.0,19.1333999,72.9139612,32.411,7.98,0.0,-0.64,90.02,3.0,19.1333988,72.914348,32.411,7.98,12.0,0.05,-0.00024226355100397307,1.5712365760809335,30.0,12.4,80.0,0,0,0,attack,gps_spoofing,2.1471831894232745,2.687338159478441,2.9451831894232745,40.63441281363018,0.0,0.00999999999997725,0.1,14.299999952316284,11,4,10.0
1790515264900000,144,1,4.0,19.1333999,72.9139688,32.346,7.98,0.0,-0.65,90.03,3.0,19.133402,72.9143671,32.346,7.98,12.0,0.05,0.0013844117532038334,1.5713673349540673,30.0,12.4,80.0,0,0,0,attack,gps_spoofing,1.2398047432451635,1.5516955484920694,2.0378047432451636,41.842980901972304,0.0,4.829470157119431e-14,0.1,14.400000095367432,11,3,10.0
1790515265000000,145,1,4.0,19.1333999,72.9139764,32.281,7.97,0.0,-0.65,89.96,3.0,19.1333979,72.914364,32.281,7.97,12.0,0.05,0.0008382892276442732,1.5702053190267293,30.0,12.4,80.0,0,0,0,attack,gps_spoofing,0.23673229668625362,0.29665701339129524,0.5602677033137464,40.71887808944346,0.0,2.275957200481571e-14,0.1,14.5,11,4,10.0
1790515265100000,146,1,4.0,19.1333999,72.9139839,32.216,7.97,0.0,-0.64,89.97,3.0,19.1333834,72.9142883,32.216,7.97,12.0,0.05,-0.003368037216216674,1.5704287889650244,30.0,12.4,80.0,0,0,0,attack,gps_spoofing,7.3172597561254955,9.16949844126002,8.114259756125495,32.030512071108,0.0,0.00999999999997725,0.1,14.599999904632568,11,4,10.0
1790515265200000,147,1,4.0,19.1333999,72.9139915,32.151,7.97,0.0,-0.65,89.96,3.0,19.1333841,72.9141776,32.151,7.97,12.0,0.05,0.002004632893972934,1.570268333074838,30.0,12.4,80.0,0,0,0,attack,gps_spoofing,10.832550864021096,13.574625142883578,11.629550864021097,19.629016509183828,0.0,2.275957200481571e-14,0.1,14.700000047683716,11,4,10.0
1790515265300000,148,1,4.0,19.1333999,72.9139991,32.086,7.96,0.0,-0.65,89.97,3.0,19.1334114,72.9141061,32.086,7.96,12.0,0.05,0.00010996806895819425,1.5703068264803668,30.0,12.4,80.0,0,0,0,attack,gps_spoofing,7.305463127143487,9.166202167055818,8.101463127143488,11.31309665483523,0.0,4.829470157119431e-14,0.1,14.799999952316284,11,4,10.0
1790515265400000,149,1,4.0,19.1333999,72.9140067,32.022,7.96,0.0,-0.64,90.01,3.0,19.1333999,72.9140067,32.022,7.96,12.0,0.05,-0.002227455412689381,1.5710339813721588,30.0,12.4,80.0,0,0,0,normal,none,9.724203698552861,12.201008404708734,10.52020369855286,0.0,0.0,5.551115123125783e-16,0.1,14.900000095367432,11,3,10.0
1790515265500000,150,1,4.0,19.1333999,72.9140143,31.958,7.97,0.0,-0.64,90.06,3.0,19.1333999,72.9140143,31.958,7.97,12.0,0.05,-0.0008202129852225892,1.5719773664389751,30.0,12.4,80.0,0,0,0,normal,none,0.0013974570298193045,0.00175119928548785,0.7983974570298193,0.0,0.0,5.551115123125783e-16,0.1,15.0,11,4,10.0
1790515265600000,151,1,4.0,19.1333999,72.9140219,31.894,7.97,0.0,-0.63,90.0,3.0,19.1333999,72.9140219,31.894,7.97,12.0,0.05,-0.0007342591342776761,1.5709650316297978,30.0,12.4,80.0,0,0,0,normal,none,0.0013974555369363761,0.001751197414707238,0.7983974555369364,0.0,0.0,0.010000000000000564,0.1,15.099999904632568,11,4,10.0
1790515265700000,152,1,4.0,19.1333999,72.9140295,31.83,7.97,0.0,-0.63,90.01,3.0,19.1333999,72.9140295,31.83,7.97,12.0,0.05,-0.0008189725546154942,1.5709882503456707,30.0,12.4,80.0,0,0,0,normal,none,0.0013974570298193045,0.00175119928548785,0.7983974570298193,0.0,0.0,0.010000000000000564,0.1,15.200000047683716,11,4,10.0
1790515265800000,153,1,4.0,19.1333999,72.9140371,31.766,7.99,0.0,-0.64,89.93,3.0,19.1333999,72.9140371,31.766,7.99,12.0,0.05,0.002314684606668029,1.5696613738983813,30.0,12.4,80.0,0,0,0,normal,none,0.0006025429701806972,0.0007531787127258716,0.7983974570298193,0.0,0.0,5.551115123125783e-16,0.1,15.299999952316284,11,4,10.0
1790515265900000,154,1,4.0,19.1333999,72.9140447,31.701,7.99,0.0,-0.64,89.93,3.0,19.1333999,72.9140447,31.701,7.99,12.0,0.05,0.001154194728237263,1.5695967011191978,30.0,12.4,80.0,0,0,0,normal,none,0.0006025429701806972,0.0007531787127258716,0.7983974570298193,0.0,0.0,0.00999999999997725,0.1,15.400000095367432,11,3,10.0
1790515266000000,155,1,4.0,19.1333999,72.9140523,31.637,7.98,0.0,-0.64,89.93,3.0,19.1333999,72.9140523,31.637,7.98,12.0,0.05,-0.00206577024008844,1.5695751642052052,30.0,12.4,80.0,0,0,0,normal,none,0.00039745553693637525,0.0004974412226988426,0.7983974555369364,0.0,0.0,5.551115123125783e-16,0.1,15.5,11,4,10.0
1790515266100000,156,1,4.0,19.1334,72.9140599,31.573,7.98,0.0,-0.64,89.95,3.0,19.1334,72.9140599,31.573,7.98,12.0,0.05,0.0011751158801069437,1.5699379711978088,30.0,12.4,80.0,0,0,0,normal,none,0.0004748848521979321,0.0005943490014992892,0.798474884852198,0.0,0.0,5.551115123125783e-16,0.1,15.599999904632568,11,4,10.0
1790515266200000,157,1,4.0,19.1334,72.9140675,31.508,7.97,0.01,-0.64,89.89,3.0,19.1334,72.9140675,31.508,7.97,12.0,0.05,0.0002853863060697324,1.5690444172918319,30.0,12.4,80.0,0,0,0,normal,none,0.0013968291940531508,0.0017504111477802595,0.7983974565463784,0.0,0.0,0.010000000000012776,0.1,15.700000047683716,11,4,10.0
1790515266300000,158,1,4.0,19.1334,72.9140751,31.444,7.97,0.01,-0.64,89.89,3.0,19.1334,72.9140751,31.444,7.97,12.0,0.05,-0.00048247129020576463,1.5689853008004135,30.0,12.4,80.0,0,0,0,normal,none,0.0013968291940531508,0.0017504111477802595,0.7983974565463784,0.0,0.0,5.551115123125783e-16,0.1,15.799999952316284,11,4,10.0
1790515266400000,159,1,4.0,19.1334,72.9140827,31.379,7.97,0.01,-0.64,89.88,3.0,19.1334,72.9140827,31.379,7.97,12.0,0.05,0.00014500573871580082,1.568738430361137,30.0,12.4,80.0,0,0,0,normal,none,0.0013968277011703334,0.0017504092770012573,0.7983974550534956,0.0,0.0,0.00999999999997725,0.1,15.900000095367432,11,3,10.0
1790515266500000,160,1,4.0,19.1334,72.9140903,31.315,7.96,0.01,-0.64,89.89,3.0,19.1334,72.9140903,31.315,7.96,12.0,0.05,-0.0007383993697544633,1.5690208882741368,30.0,12.4,80.0,0,0,0,normal,none,0.002396828405922702,0.0030073105607393673,0.7983974565463784,0.0,0.0,5.551115123125783e-16,0.1,16.0,11,4,10.0
1790515266600000,161,1,4.0,19.1334,72.9140978,31.251,7.96,0.0,-0.64,89.94,3.0,19.1334,72.9140978,31.251,7.96,12.0,0.05,0.0009971549300752999,1.5698925771368835,30.0,12.4,80.0,0,0,0,normal,none,0.008107774009322055,0.010172865758245992,0.787892225990678,0.0,0.0,5.551115123125783e-16,0.1,16.09999990463257,11,4,10.0
1790515266700000,162,1,4.0,19.1334,72.9141054,31.187,7.96,0.01,-0.63,89.9,3.0,19.1334,72.9141054,31.187,7.96,12.0,0.05,-0.0026696076020106528,1.56913557034452,30.0,12.4,80.0,0,0,0,normal,none,0.002396828405922702,0.0030073105607393673,0.7983974565463784,0.0,0.0,0.010000000000000564,0.1,16.200000047683716,11,4,10.0
1790515266800000,163,1,4.0,19.1334,72.914113,31.123,7.96,0.0,-0.64,89.94,3.0,19.1334,72.914113,31.123,7.96,12.0,0.05,0.001426281681020351,1.5697537474805134,30.0,12.4,80.0,0,0,0,normal,none,0.0023974565463783515,0.0030081010619552716,0.7983974565463784,0.0,0.0,5.551115123125783e-16,0.1,16.299999952316284,11,4,10.0
1790515266900000,164,1,4.0,19.1334,72.9141206,31.059,7.97,0.0,-0.63,89.96,3.0,19.1334,72.9141206,31.059,7.97,12.0,0.05,-0.0006245136865774864,1.5701976025750721,30.0,12.4,80.0,0,0,0,normal,none,0.0013974565463783506,0.0017511986796721185,0.7983974565463784,0.0,0.0,0.010000000000000564,0.1,16.40000009536743,11,3,10.0
1790515267000000,165,1,4.0,19.1334,72.9141282,30.995,7.97,0.0,-0.64,89.96,3.0,19.1334,72.9141282,30.995,7.97,12.0,0.05,0.0009370097752075272,1.5702003287720885,30.0,12.4,80.0,0,0,0,normal,none,0.0013974550534955332,0.0017511968088916455,0.7983974550534956,0.0,0.0,5.551115123125783e-16,0.1,16.5,11,4,10.0
1790515267100000,166,1,4.0,19.1334,72.9141358,30.93,7.96,0.0,-0.65,90.0,3.0,19.1334,72.9141358,30.93,7.96,12.0,0.05,0.002825890529964801,1.5708867560204534,30.0,12.4,80.0,0,0,0,normal,none,0.0023974565463783515,0.0030081010619552716,0.7983974565463784,0.0,0.0,1.27675647831893e-14,0.1,16.59999990463257,11,4,10.0
1790515267200000,167,1,4.0,19.1334,72.9141434,30.865,7.97,0.0,-0.64,89.98,3.0,19.1334,72.9141434,30.865,7.97,12.0,0.05,-0.0025767178354859873,1.5704846450052061,30.0,12.4,80.0,0,0,0,normal,none,0.0013974565463783506,0.0017511986796721185,0.7983974565463784,0.0,0.0,0.010000000000012776,0.1,16.700000047683716,11,4,10.0
1790515267300000,168,1,4.0,19.1334,72.9141509,30.801,7.97,0.0,-0.64,89.95,3.0,19.1334,72.9141509,30.801,7.97,12.0,0.05,-0.00083035801187523,1.5699906955907006,30.0,12.4,80.0,0,0,0,normal,none,0.009107774009322056,0.01141325063824819,0.787892225990678,0.0,0.0,5.551115123125783e-16,0.1,16.799999952316284,11,4,10.0
1790515267400000,169,1,4.0,19.1334001,72.9141585,30.738,7.98,0.0,-0.63,89.98,3.0,19.1334001,72.9141585,30.738,7.98,12.0,0.05,-0.002148518208005452,1.57047634574672,30.0,12.4,80.0,0,0,0,normal,none,0.00047488436330256345,0.0005943483896152233,0.7984748843633026,0.0,0.0,1.1657341758564144e-14,0.1,16.90000009536743,11,3,10.0
1790515267500000,170,1,4.0,19.1334,72.9141661,30.675,7.98,-0.01,-0.63,90.07,3.0,19.1334,72.9141661,30.675,7.98,12.0,0.05,-0.0007698276901922173,1.5720544758722168,30.0,12.4,80.0,0,0,0,normal,none,0.0004742582805266071,0.0005935643412005897,0.7984748848466967,0.0,0.0,1.1657341758564144e-14,0.1,17.0,11,4,10.0
1790515267600000,171,1,4.0,19.1334,72.9141737,30.612,7.98,-0.01,-0.62,90.11,3.0,19.1334,72.9141737,30.612,7.98,12.0,0.05,-0.0015449052160999256,1.5727797178226983,30.0,12.4,80.0,0,0,0,normal,none,0.00039682998020829086,0.0004966579086598838,0.7983974565463784,0.0,0.0,0.010000000000023879,0.1,17.09999990463257,11,4,10.0
1790515267700000,172,1,4.0,19.1334,72.9141813,30.55,7.98,-0.02,-0.61,90.15,3.0,19.1334,72.9141813,30.55,7.98,12.0,0.05,-0.001913357609031656,1.5734238017186197,30.0,12.4,80.0,0,0,0,normal,none,0.0003949487917670469,0.0004943023190438827,0.7983974550534956,0.0,0.0,0.009999999999976139,0.1,17.200000047683716,11,4,10.0
1790515267800000,173,1,4.0,19.1334,72.9141889,30.489,7.98,-0.02,-0.61,90.17,3.0,19.1334,72.9141889,30.489,7.98,12.0,0.05,1.7084846187714345e-05,1.573871085271315,30.0,12.4,80.0,0,0,0,normal,none,0.00039495028464986426,0.0004943041874770925,0.7983974565463784,0.0,0.0,5.551115123125783e-16,0.1,17.299999952316284,11,4,10.0
1790515267900000,174,1,4.0,19.1334,72.9141965,30.427,7.98,-0.02,-0.61,90.18,3.0,19.1334,72.9141965,30.427,7.98,12.0,0.05,-0.0006622082603073343,1.5740300502157396,30.0,12.4,80.0,0,0,0,normal,none,0.00039495028464986426,0.0004943041874770925,0.7983974565463784,0.0,0.0,0.010000000000011666,0.1,17.40000009536743,11,3,10.0
1790515268000000,175,1,4.0,19.1333999,72.9142041,30.365,7.98,-0.02,-0.62,90.19,3.0,19.1333999,72.9142041,30.365,7.98,12.0,0.05,0.0016016160293230118,1.5741788400195622,30.0,12.4,80.0,0,0,0,normal,none,0.00047237907386354916,0.0005912110039224488,0.7984748853355921,0.0,0.0,1.1657341758564144e-14,0.1,17.5,11,4,10.0
1790515268100000,176,1,4.0,19.1333999,72.9142117,30.302,7.97,-0.02,-0.62,90.2,3.0,19.1333999,72.9142117,30.302,7.97,12.0,0.05,0.0009583855560253514,1.5743019974100876,30.0,12.4,80.0,0,0,0,normal,none,0.001394946130598318,0.0017480472982924163,0.7983974555369364,0.0,0.0,0.009999999999988352,0.1,17.59999990463257,11,4,10.0
1790515268200000,177,1,4.0,19.1333999,72.9142193,30.239,7.97,-0.02,-0.62,90.17,3.0,19.1333999,72.9142193,30.239,7.97,12.0,0.05,0.0010815388500371747,1.5737847954703168,30.0,12.4,80.0,0,0,0,normal,none,0.0013949476234812463,0.0017480491690671455,0.7983974570298193,0.0,0.0,0.009999999999988352,0.1,17.700000047683716,11,4,10.0
1790515268300000,178,1,4.0,19.1333999,72.9142269,30.177,7.97,-0.02,-0.62,90.15,3.0,19.1333999,72.9142269,30.177,7.97,12.0,0.05,-0.0013838965073544277,1.5735100725678186,30.0,12.4,80.0,0,0,0,normal,none,0.0013949476234812463,0.0017480491690671455,0.7983974570298193,0.0,0.0,1.1657341758564144e-14,0.1,17.799999952316284,11,4,10.0
1790515268400000,179,1,4.0,19.1333999,72.9142345,30.115,7.97,-0.01,-0.61,90.09,3.0,19.1333999,72.9142345,30.115,7.97,12.0,0.05,-0.003069207359906942,1.5724079015824433,30.0,12.4,80.0,0,0,0,normal,none,0.0013968296774941047,0.0017504117535955149,0.7983974570298193,0.0,0.0,0.010000000000011666,0.1,17.90000009536743,11,3,10.0
1790515268500000,180,1,4.0,19.1334005,72.9142415,30.059,7.32,0.66,-0.56,84.84,3.0,19.1334005,72.9142415,30.059,7.35,12.0,0.05,-0.01546284497151839,1.4808334904789058,30.0,12.4,80.0,0,0,0,normal,none,0.003416973237705956,0.0046428197932097195,0.7383863603552921,0.0,0.0,2.6201263381153694e-14,0.1,18.0,11,4,10.0
1790515268600000,181,1,4.0,19.1334016,72.9142479,30.007,6.72,1.27,-0.51,79.25,3.0,19.1334016,72.9142479,30.007,6.84,12.0,0.05,-0.013825308442186407,1.383328673628371,30.0,12.4,80.0,0,0,0,normal,none,0.000525312972052272,0.0007669973052080856,0.6833701468754306,0.0,0.0,0.009999999999996012,0.1,18.09999990463257,11,4,10.0
1790515268700000,182,1,4.0,19.1334033,72.9142537,29.96,6.15,1.84,-0.47,73.32,3.0,19.1334033,72.9142537,29.96,6.42,12.0,0.05,-0.014631721749708821,1.2797956681838776,30.0,12.4,80.0,0,0,0,normal,none,0.003982861741688604,0.006194809028169966,0.6379524932591091,0.0,0.0,5.995204332975845e-15,0.1,18.200000047683716,11,4,10.0
1790515268800000,183,1,4.0,19.1334054,72.9142591,29.916,5.63,2.35,-0.43,67.34,3.0,19.1334054,72.9142591,29.916,6.1,12.0,0.05,-0.010443780881333495,1.1754387814338492,30.0,12.4,80.0,0,0,0,normal,none,0.0033851937013367195,0.005539716690113927,0.6134622380162331,0.0,0.0,0.010000000000004838,0.1,18.299999952316284,11,4,10.0
1790515268900000,184,1,4.0,19.1334079,72.914264,29.877,5.15,2.82,-0.39,61.27,3.0,19.1334079,72.914264,29.877,5.87,12.0,0.05,-0.013584047290630528,1.0694385407857134,30.0,12.4,80.0,0,0,0,normal,none,0.0021311439173653524,0.0036234497201175276,0.5850221580404794,0.0,0.0,1.4765966227514582e-14,0.1,18.40000009536743,11,3,10.0
1790515269000000,185,1,4.0,19.1334109,72.9142685,29.841,4.71,3.26,-0.36,55.32,3.0,19.1334109,72.9142685,29.841,5.73,12.0,0.05,-0.009601996342935126,0.9655975182734674,30.0,12.4,80.0,0,0,0,normal,none,0.005767317757821577,0.010050831662386224,0.5785822966122507,0.0,0.0,2.1871393585115584e-14,0.1,18.5,11,4,10.0
1790515269100000,186,1,4.0,19.1334141,72.9142726,29.808,4.31,3.65,-0.32,49.73,3.0,19.1334141,72.9142726,29.808,5.65,12.0,0.05,-0.00954928365694055,0.8680952455278316,30.0,12.4,80.0,0,0,0,normal,none,0.006106588460195517,0.01079305948315499,0.5586818675124811,0.0,0.0,0.010000000000012499,0.1,18.59999990463257,11,4,10.0
1790515269200000,187,1,4.0,19.1334178,72.9142764,29.778,3.94,4.01,-0.29,44.46,3.0,19.1334178,72.9142764,29.778,5.63,12.0,0.05,-0.010349062798491205,0.7760946050337867,30.0,12.4,80.0,0,0,0,normal,none,0.011088309393220919,0.019689039325611588,0.5732599913552351,0.0,0.0,0.010000000000011389,0.1,18.700000047683716,11,4,10.0
1790515269300000,188,1,4.0,19.1334217,72.9142798,29.752,3.59,4.35,-0.26,39.55,3.0,19.1334217,72.9142798,29.752,5.64,12.0,0.05,-0.01020682042070224,0.6903057742244001,30.0,12.4,80.0,0,0,0,normal,none,0.0021929390828945294,0.003881247212292002,0.5618159260956592,0.0,0.0,1.9984014443252818e-15,0.1,18.799999952316284,11,4,10.0
1790515269400000,189,1,4.0,19.1334259,72.9142829,29.728,3.27,4.65,-0.23,35.18,3.0,19.1334259,72.9142829,29.728,5.69,12.0,0.05,-0.007629233542641295,0.6141265754060468,30.0,12.4,80.0,0,0,0,normal,none,0.0008861181248110972,0.0015560499976970006,0.5693524759684394,0.0,0.0,0.009999999999973558,0.1,18.90000009536743,11,3,10.0
1790515269500000,190,1,4.0,19.1334303,72.9142857,29.706,2.98,4.92,-0.22,31.21,3.0,19.1334303,72.9142857,29.706,5.76,12.0,0.05,-0.005038863196387687,0.5447585255018265,30.0,12.4,80.0,0,0,0,normal,none,0.004338980732956688,0.007530190734673345,0.5708722848034548,0.0,0.0,2.017830347256222e-14,0.1,19.0,11,4,10.0
1790515269600000,191,1,4.0,19.1334349,72.9142883,29.686,2.7,5.18,-0.19,27.56,3.0,19.1334349,72.9142883,29.686,5.85,12.0,0.05,-0.006447285074929864,0.48103645316075594,30.0,12.4,80.0,0,0,0,normal,none,0.004288608767325064,0.007329153339872063,0.5798552091405597,0.0,0.0,0.009999999999995735,0.1,19.09999990463257,11,4,10.0
1790515269700000,192,1,4.0,19.1334398,72.9142907,29.669,2.46,5.41,-0.17,24.47,3.0,19.1334398,72.9142907,29.669,5.94,12.0,0.05,-0.006398191515556751,0.4271743167725521,30.0,12.4,80.0,0,0,0,normal,none,0.006058069532704824,0.010176433595787944,0.6003618639005349,0.0,0.0,5.412337245047638e-15,0.1,19.200000047683716,11,4,10.0
1790515269800000,193,1,4.0,19.1334449,72.9142928,29.652,2.23,5.63,-0.16,21.65,3.0,19.1334449,72.9142928,29.652,6.06,12.0,0.05,-0.004437002171088312,0.37796976939514343,30.0,12.4,80.0,0,0,0,normal,none,0.002937619407996195,0.0048431137182124,0.6084935623232648,0.0,0.0,0.009999999999994597,0.1,19.299999952316284,11,4,10.0
1790515269900000,194,1,4.0,19.1334501,72.9142947,29.638,2.02,5.83,-0.14,19.16,3.0,19.1334501,72.9142947,29.638,6.18,12.0,0.05,-0.006737949099440712,0.334534373654726,30.0,12.4,80.0,0,0,0,normal,none,0.005308161628015284,0.008589213246327259,0.611695079854556,0.0,0.0,6.5503158452884236e-15,0.1,19.40000009536743,11,3,10.0
1790515270000000,195,1,4.0,19.1334556,72.9142965,29.626,1.82,6.02,-0.12,16.89,3.0,19.1334556,72.9142965,29.626,6.29,12.0,0.05,-0.005803401520702742,0.29492359428905324,30.0,12.4,80.0,0,0,0,normal,none,0.01122809563000926,0.017824915665914275,0.6401382640960629,0.0,0.0,4.551914400963142e-15,0.1,19.5,11,4,10.0
1790515270100000,196,1,4.0,19.1334611,72.914298,29.615,1.64,6.17,-0.1,14.88,3.0,19.1334611,72.914298,29.615,6.38,12.0,0.05,-0.005698392002139501,0.25980097396658275,30.0,12.4,80.0,0,0,0,normal,none,0.006877027225050569,0.010755037254590726,0.6315468131819317,0.0,0.0,0.010000000000027848,0.1,19.59999990463257,11,4,10.0
1790515270200000,197,1,4.0,19.1334668,72.9142994,29.606,1.47,6.32,-0.09,13.11,3.0,19.1334668,72.9142994,29.606,6.49,12.0,0.05,-0.0029031138651365016,0.22896816411182205,30.0,12.4,80.0,0,0,0,normal,none,0.0017806555860082618,0.002740015786655266,0.6506512127852082,0.0,0.0,3.211320098728265e-14,0.1,19.700000047683716,11,4,10.0
1790515270300000,198,1,4.0,19.1334726,72.9143007,29.598,1.31,6.45,-0.07,11.49,3.0,19.1334726,72.9143007,29.598,6.59,12.0,0.05,-0.005787917127257743,0.2007072672047902,30.0,12.4,80.0,0,0,0,normal,none,0.0010628844531527237,0.001612462028740712,0.6592315558437014,0.0,0.0,0.01000000000002671,0.1,19.799999952316284,11,4,10.0
1790515270400000,199,1,4.0,19.1334785,72.9143018,29.591,1.16,6.59,-0.06,10.04,3.0,19.1334785,72.9143018,29.591,6.69,12.0,0.05,-0.0023194061914641154,0.17525917994931972,30.0,12.4,80.0,0,0,0,attack,command_injection,0.0029819790900091903,0.004449841518086825,0.6661495475921522,0.0,0.0,0.00999999999997897,0.1,19.90000009536743,11,3,10.0
1790515270500000,200,1,4.0,19.1334846,72.9143028,29.586,1.01,6.71,-0.05,8.64,3.0,19.1334846,72.9143028,29.586,6.78,12.0,0.05,-0.0045451216738069304,0.15081138660543708,30.0,12.4,80.0,0,0,0,attack,command_injection,0.007817232587097322,0.011503394509819688,0.6863759993862597,0.0,0.0,2.5576762929802044e-14,0.1,20.0,11,4,10.0
1790515270600000,201,1,4.0,19.1334907,72.9143036,29.581,0.9,6.81,-0.04,7.56,3.0,19.1334907,72.9143036,29.581,6.87,12.0,0.05,-0.0015984226566247155,0.13198168287935197,30.0,12.4,80.0,0,0,0,attack,command_injection,0.003445671715995524,0.005008816053177641,0.683475721166771,0.0,0.0,0.009999999999990052,0.1,20.09999990463257,11,4,10.0
1790515270700000,202,1,4.0,19.1334969,72.9143044,29.576,0.79,6.9,-0.04,6.52,3.0,19.1334969,72.9143044,29.576,6.95,12.0,0.05,-0.0008723436194869458,0.11386827926735926,30.0,12.4,80.0,0,0,0,attack,command_injection,4.438186840483027e-06,6.38121848178014e-06,0.6945121775245674,0.0,0.0,0.009999999999990052,0.1,20.200000047683716,11,4,10.0
1790515270800000,203,1,4.0,19.1335032,72.914305,29.572,0.68,6.99,-0.04,5.6,3.0,19.1335032,72.914305,29.572,7.03,12.0,0.05,-0.0013429115803457604,0.09776215593694988,30.0,12.4,80.0,0,0,0,attack,command_injection,0.001058210074688315,0.0015046358386779572,0.7033580036101842,0.0,0.0,1.3357370765021415e-14,0.1,20.299999952316284,11,4,10.0
1790515270900000,204,1,4.0,19.1335096,72.9143056,29.57,0.58,7.07,-0.02,4.75,3.0,19.1335096,72.9143056,29.57,7.1,12.0,0.05,-0.005735488908008208,0.083040263968949,30.0,12.4,80.0,0,0,0,attack,command_injection,0.00505837479708382,0.007120709833722256,0.7144334518895907,0.0,0.0,1.1084883011491797e-14,0.1,20.40000009536743,11,3,10.0
1790515271000000,205,1,4.0,19.133516,72.9143061,29.569,0.49,7.16,-0.01,3.96,3.0,19.133516,72.9143061,29.569,7.17,12.0,0.05,-0.002656831070742428,0.06912937803430311,30.0,12.4,80.0,0,0,0,attack,command_injection,0.004091365501782684,0.0056929308944735765,0.7135833519015825,0.0,0.0,1.2221126888256606e-14,0.1,20.5,11,4,10.0
1790515271100000,206,1,4.0,19.1335225,72.9143065,29.568,0.41,7.23,-0.01,3.29,3.0,19.1335225,72.9143065,29.568,7.24,12.0,0.05,-0.0011490785075845638,0.05745412098318295,30.0,12.4,80.0,0,0,0,attack,command_injection,0.00017406706493072743,0.0002400390047245888,0.7239875171136283,0.0,0.0,2.3306009899748403e-14,0.1,20.59999990463257,11,4,10.0
1790515271200000,207,1,4.0,19.1335291,72.9143068,29.567,0.33,7.29,0.0,2.64,3.0,19.1335291,72.9143068,29.567,7.29,12.0,0.05,-0.0018557823337707778,0.04620800939504308,30.0,12.4,80.0,0,0,0,attack,command_injection,0.004816369411988042,0.006591026033566711,0.734562900750096,0.0,0.0,0.010000000000012221,0.1,20.700000047683716,11,4,10.0
1790515271300000,208,1,4.0,19.1335357,72.914307,29.566,0.26,7.33,0.0,2.1,3.0,19.1335357,72.914307,29.566,7.34,12.0,0.05,0.0007987285053063274,0.03666704402200304,30.0,12.4,80.0,0,0,0,attack,command_injection,0.0007262344085335881,0.0009887991799417593,0.7341872081487866,0.0,0.0,0.010000000000012221,0.1,20.799999952316284,11,4,10.0
1790515271400000,209,1,4.0,19.1335423,72.9143072,29.567,0.19,7.39,0.0,1.51,3.0,19.1335423,72.9143072,29.567,7.39,12.0,0.05,-0.002162762514891475,0.02641215797144602,30.0,12.4,80.0,0,0,0,attack,command_injection,0.005057000467258099,0.006831529930622393,0.7341872081674798,0.0,0.0,0.010000000000012221,0.1,20.90000009536743,11,3,10.0
1790515271500000,210,1,4.0,19.133549,72.9143074,29.567,0.13,7.45,0.0,1.0,3.0,19.133549,72.9143074,29.567,7.45,12.0,0.05,-0.0004530466302312828,0.017584602345054337,30.0,12.4,80.0,0,0,0,attack,command_injection,0.00018880060220538564,0.0002530454467319162,0.7453022147882609,0.0,0.0,0.0,0.1,21.0,11,4,10.0
1790515271600000,211,1,4.0,19.1335558,72.9143074,29.567,0.07,7.49,0.0,0.58,3.0,19.1335558,72.9143074,29.567,7.49,12.0,0.05,-0.0007551280087672224,0.010177966869991988,30.0,12.4,80.0,0,0,0,attack,command_injection,0.007092791762048911,0.009456643252467919,0.7561255013281935,0.0,0.0,0.0,0.1,21.09999990463257,11,4,10.0
1790515271700000,212,1,4.0,19.1335625,72.9143075,29.568,0.02,7.53,0.0,0.21,3.0,19.1335625,72.9143075,29.568,7.53,12.0,0.05,-0.0009166017178118288,0.0037406196550741205,30.0,12.4,80.0,0,0,0,attack,command_injection,0.007922584902297802,0.01050737001899963,0.7450800711355148,0.0,0.0,0.010000000000012221,0.1,21.200000047683716,11,4,10.0
1790515271800000,213,1,4.0,19.1335694,72.9143074,29.57,-0.02,7.57,0.01,359.84,3.0,19.1335694,72.9143074,29.57,7.57,12.0,0.05,-0.0030739907686955325,6.280409191149685,30.0,12.4,80.0,0,0,0,attack,command_injection,0.010314267782082553,0.013607166005151519,0.7673169097853982,0.0,0.0,0.009999999999988915,0.1,21.299999952316284,11,4,10.0
1790515271900000,214,1,4.0,19.1335762,72.9143074,29.572,-0.07,7.6,0.02,359.46,3.0,19.1335762,72.9143074,29.572,7.6,12.0,0.05,-0.0016398238863815878,6.273856530501868,30.0,12.4,80.0,0,0,0,attack,command_injection,0.003906734830247394,0.005133468261433859,0.7561255013281935,0.0,0.0,1.1084883011491797e-14,0.1,21.40000009536743,11,3,10.0
1790515272000000,215,1,4.0,19.1335831,72.9143073,29.575,-0.12,7.63,0.02,359.07,3.0,19.1335831,72.9143073,29.575,7.63,12.0,0.05,-0.0013784020975316498,6.266977478748089,30.0,12.4,80.0,0,0,0,attack,command_injection,0.004222551236337302,0.0055262170035313305,0.7673169097530282,0.0,0.0,0.010000000000001136,0.1,21.5,11,4,10.0
1790515272100000,216,1,4.0,19.13359,72.9143071,29.577,-0.17,7.65,0.02,358.72,3.0,19.13359,72.9143071,29.577,7.66,12.0,0.05,9.008837773706024e-05,6.260886732566667,30.0,12.4,80.0,0,0,0,attack,command_injection,0.002343752235981489,0.0030589745443801103,0.7675326178110108,0.0,0.0,2.4442253776513212e-14,0.1,21.59999990463257,11,4,10.0
1790515272200000,217,1,4.0,19.1335969,72.9143069,29.58,-0.2,7.68,0.03,358.46,3.0,19.1335969,72.9143069,29.58,7.68,12.0,0.05,-0.0010045524038032139,6.256375973984863,30.0,12.4,80.0,0,0,0,attack,command_injection,0.0007277551379576419,0.0009460452714652479,0.767532617392085,0.0,0.0,3.4389158187764224e-14,0.1,21.700000047683716,11,4,10.0
1790515272300000,218,1,4.0,19.1336038,72.9143067,29.584,-0.23,7.7,0.03,358.25,3.0,19.1336038,72.9143067,29.584,7.7,12.0,0.05,-0.0022212559240364954,6.2527236222371965,30.0,12.4,80.0,0,0,0,attack,command_injection,0.0028108125383728977,0.0036440480717050746,0.7675326173680552,0.0,0.0,0.01000000000001336,0.1,21.799999952316284,11,4,10.0
1790515272400000,219,1,4.0,19.1336107,72.9143064,29.589,-0.26,7.72,0.04,358.02,3.0,19.1336107,72.9143064,29.589,7.72,12.0,0.05,-0.0018296200134843327,6.2487451514093415,30.0,12.4,80.0,0,0,0,attack,command_injection,0.004545704418788099,0.005877272882145085,0.7678919953344024,0.0,0.0,0.009999999999990052,0.1,21.90000009536743,11,3,10.0
1790515272500000,220,1,4.0,19.1336177,72.9143061,29.592,-0.29,7.74,0.03,357.8,3.0,19.1336177,72.9143061,29.592,7.74,12.0,0.05,0.002908956715671829,6.244910405511227,30.0,12.4,80.0,0,0,0,attack,command_injection,0.004459161697522029,0.005749727834063656,0.7790022528164088,0.0,0.0,1.1379786002407855e-15,0.1,22.0,11,4,10.0
1790515272600000,221,1,4.0,19.1336247,72.9143058,29.595,-0.31,7.75,0.02,357.66,3.0,19.1336247,72.9143058,29.595,7.75,12.0,0.05,0.0017895870946469264,6.242512937483253,30.0,12.4,80.0,0,0,0,attack,command_injection,0.0033825006245602474,0.004355414107079002,0.7790022528227621,0.0,0.0,0.010000000000001136,0.1,22.09999990463257,11,4,10.0
1790515272700000,222,1,4.0,19.1336317,72.9143055,29.597,-0.35,7.76,0.02,357.41,3.0,19.1336317,72.9143055,29.597,7.77,12.0,0.05,0.0024796237815270477,6.238153256581448,30.0,12.4,80.0,0,0,0,attack,command_injection,0.00221334959499897,0.002845694488748043,0.7790022527083224,0.0,0.0,2.4442253776513212e-14,0.1,22.200000047683716,11,4,10.0
1790515272800000,223,1,4.0,19.1336387,72.9143052,29.598,-0.36,7.78,0.01,357.31,3.0,19.1336387,72.9143052,29.598,7.79,12.0,0.05,0.0011949316586051834,6.236255593633232,30.0,12.4,80.0,0,0,0,attack,command_injection,0.00016979313554532638,0.00021773027459015058,0.779002252654279,0.0,0.0,2.3306009899748403e-14,0.1,22.299999952316284,11,4,10.0
1790515272900000,224,1,4.0,19.1336457,72.9143048,29.6,-0.38,7.79,0.01,357.18,3.0,19.1336457,72.9143048,29.6,7.8,12.0,0.05,-0.0005047367670276635,6.233974569526065,30.0,12.4,80.0,0,0,0,attack,command_injection,0.0004283463840865087,0.0005485106543889172,0.7794979321833176,0.0,0.0,0.010000000000024442,0.1,22.40000009536743,11,3,10.0
1790515273000000,225,1,4.0,19.1336527,72.9143044,29.602,-0.39,7.8,0.01,357.07,3.0,19.1336527,72.9143044,29.602,7.81,12.0,0.05,-9.499973812260491e-05,6.2322148160010125,30.0,12.4,80.0,0,0,0,attack,command_injection,0.0014764593787065516,0.0018881173027808585,0.7794979320068242,0.0,0.0,0.009999999999988915,0.1,22.5,11,4,10.0
1790515273100000,226,1,4.0,19.1336597,72.914304,29.606,-0.41,7.81,0.03,356.92,3.0,19.1336597,72.914304,29.606,7.82,12.0,0.05,-0.005337521167553431,6.229546787772262,30.0,12.4,80.0,0,0,0,attack,command_injection,0.0025775119397969393,0.0032915244115658696,0.7794979319912858,0.0,0.0,0.01000000000001336,0.1,22.59999990463257,11,4,10.0
1790515273200000,227,1,4.0,19.1336668,72.9143036,29.609,-0.44,7.83,0.03,356.73,3.0,19.1336668,72.9143036,29.609,7.84,12.0,0.05,-0.0003085373615638172,6.226246694735315,30.0,12.4,80.0,0,0,0,attack,command_injection,0.006366187070673712,0.00810736234155342,0.7906014833944237,0.0,0.0,1.1379786002407855e-15,0.1,22.700000047683716,11,4,10.0
1790515273300000,228,1,4.0,19.1336738,72.9143031,29.614,-0.46,7.85,0.04,356.61,3.0,19.1336738,72.9143031,29.614,7.86,12.0,0.05,-0.002108054833723043,6.224132020093553,30.0,12.4,80.0,0,0,0,attack,command_injection,0.00621184464557778,0.007889593378349206,0.7801347710398971,0.0,0.0,0.009999999999990052,0.1,22.799999952316284,11,4,10.0
1790515273400000,229,1,4.0,19.1336809,72.9143027,29.618,-0.48,7.86,0.04,356.49,3.0,19.1336809,72.9143027,29.618,7.87,12.0,0.05,0.0009119401995949102,6.222013614757578,30.0,12.4,80.0,0,0,0,attack,command_injection,0.003137198299335009,0.003978871788359296,0.7906014832037362,0.0,0.0,2.2169766022983595e-14,0.1,22.90000009536743,11,3,10.0
1790515273500000,230,1,4.0,19.133688,72.9143022,29.622,-0.49,7.87,0.04,356.43,3.0,19.133688,72.9143022,29.622,7.88,12.0,0.05,-7.118455378336927e-05,6.220926777435291,30.0,12.4,80.0,0,0,0,attack,command_injection,0.0027054474550779473,0.003426681987207982,0.7912293849484174,0.0,0.0,1.3357370765021415e-14,0.1,23.0,11,4,10.0
1790515273600000,231,1,4.0,19.1336951,72.9143017,29.626,-0.49,7.88,0.04,356.37,3.0,19.1336951,72.9143017,29.626,7.89,12.0,0.05,-0.0023665597056502182,6.219918892279675,30.0,12.4,80.0,0,0,0,attack,command_injection,0.0017073778996571365,0.002159810712295917,0.7912293851926775,0.0,0.0,1.3357370765021415e-14,0.1,23.09999990463257,11,4,10.0
1790515273700000,232,1,4.0,19.1337022,72.9143013,29.633,-0.51,7.89,0.06,356.27,3.0,19.1337022,72.9143013,29.633,7.9,12.0,0.05,-0.0036389144373251037,6.218144354231503,30.0,12.4,80.0,0,0,0,attack,command_injection,4.5088410139504376e-05,5.695522699097841e-05,0.7906014824418437,0.0,0.0,0.00999999999997897,0.1,23.200000047683716,11,4,10.0
1790515273800000,233,1,4.0,19.1337093,72.9143008,29.638,-0.52,7.9,0.05,356.19,3.0,19.1337093,72.9143008,29.638,7.92,12.0,0.05,0.0019087787521314306,6.216704673005779,30.0,12.4,80.0,0,0,0,attack,command_injection,0.0004801578057304079,0.0006057172014049806,0.791229384892853,0.0,0.0,2.5576762929802044e-14,0.1,23.299999952316284,11,4,10.0
1790515273900000,234,1,4.0,19.1337164,72.9143002,29.643,-0.53,7.9,0.05,356.16,3.0,19.1337164,72.9143002,29.643,7.92,12.0,0.05,-0.00037086286104055273,6.2161762760862045,30.0,12.4,80.0,0,0,0,attack,command_injection,0.00022029250111488263,0.00027787488799747075,0.7919961446208925,0.0,0.0,9.950373858202965e-15,0.1,23.40000009536743,11,3,10.0
1790515274000000,235,1,4.0,19.1337235,72.9142997,29.649,-0.54,7.92,0.05,356.09,3.0,19.1337235,72.9142997,29.649,7.93,12.0,0.05,0.00034791860353859986,6.215104037210847,30.0,12.4,80.0,0,0,0,attack,command_injection,0.0026093903643420457,0.00328291780402388,0.791229384198856,0.0,0.0,0.010000000000002271,0.1,23.5,11,4,10.0
1790515274100000,236,1,4.0,19.1337306,72.9142992,29.654,-0.54,7.92,0.04,356.04,3.0,19.1337306,72.9142992,29.654,7.94,12.0,0.05,0.0013485211954644052,6.21415596259183,30.0,12.4,80.0,0,0,0,attack,command_injection,0.002609390120082211,0.003282917496716483,0.7912293844431159,0.0,0.0,0.009999999999990052,0.1,23.59999990463257,11,4,10.0
1790515274200000,237,1,4.0,19.1337378,72.9142987,29.658,-0.56,7.92,0.04,355.91,3.0,19.1337378,72.9142987,29.658,7.94,12.0,0.05,0.0012531985975892455,6.21182780020115,30.0,12.4,80.0,0,0,0,attack,command_injection,0.008347357674182487,0.010500120396949258,0.8023246873253509,0.0,0.0,1.3357370765021415e-14,0.1,23.700000047683716,11,4,10.0
1790515274300000,238,1,4.0,19.1337449,72.9142981,29.662,-0.56,7.93,0.03,355.94,3.0,19.1337449,72.9142981,29.662,7.95,12.0,0.05,0.002107740404838525,6.212401879044401,30.0,12.4,80.0,0,0,0,attack,command_injection,0.0029786986140460936,0.0037422019585190832,0.7919961437551952,0.0,0.0,0.009999999999977832,0.1,23.799999952316284,11,4,10.0
1790515274400000,239,1,4.0,19.133752,72.9142976,29.666,-0.56,7.93,0.04,355.91,3.0,19.133752,72.9142976,29.666,7.95,12.0,0.05,-0.0005132960277595099,6.211812000528224,30.0,12.4,80.0,0,0,0,attack,command_injection,0.0037454583779743533,0.0047054984386515186,0.791229383991267,0.0,0.0,1.3357370765021415e-14,0.1,23.90000009536743,11,3,10.0
1790515274500000,240,1,4.0,19.1337592,72.914297,29.67,-0.57,7.94,0.03,355.82,3.0,19.1337592,72.914297,29.67,7.96,12.0,0.05,0.001136695649686258,6.2104045541247155,30.0,12.4,80.0,0,0,0,attack,command_injection,0.007037512295611004,0.00882952273453956,0.8030808528242533,0.0,0.0,0.01000000000001336,0.1,24.0,11,4,10.0
1790515274600000,241,1,4.0,19.1337663,72.9142965,29.673,-0.58,7.94,0.02,355.75,3.0,19.1337663,72.9142965,29.673,7.96,12.0,0.05,0.0029013856740894863,6.209119783574083,30.0,12.4,80.0,0,0,0,attack,command_injection,0.004886185810475618,0.006129833611883564,0.7912293836893302,0.0,0.0,0.00999999999996561,0.1,24.09999990463257,11,4,10.0
1790515274700000,242,1,4.0,19.1337735,72.9142959,29.676,-0.58,7.94,0.03,355.75,3.0,19.1337735,72.9142959,29.676,7.96,12.0,0.05,-0.0027168570977765985,6.2090960235565245,30.0,12.4,80.0,0,0,0,attack,command_injection,0.006965283013246393,0.008738109352972675,0.8030808525130522,0.0,0.0,1.1379786002407855e-15,0.1,24.200000047683716,11,4,10.0
1790515274800000,243,1,4.0,19.1337806,72.9142954,29.68,-0.58,7.95,0.03,355.76,3.0,19.1337806,72.9142954,29.68,7.97,12.0,0.05,0.00041192494083415194,6.209268089664725,30.0,12.4,80.0,0,0,0,attack,command_injection,0.00588353207690917,0.007371804118075729,0.7912293833873932,0.0,0.0,0.01000000000001336,0.1,24.299999952316284,11,4,10.0
1790515274900000,244,1,4.0,19.1337878,72.9142948,29.683,-0.58,7.95,0.03,355.79,3.0,19.1337878,72.9142948,29.683,7.98,12.0,0.05,0.000350853062825527,6.209733095457375,30.0,12.4,80.0,0,0,0,attack,command_injection,0.005967936620376868,0.007477559258522986,0.8030808520846793,0.0,0.0,1.1379786002407855e-15,0.1,24.40000009536743,11,3,10.0
1790515275000000,245,1,4.0,19.1337949,72.9142942,29.687,-0.58,7.96,0.03,355.77,3.0,19.1337949,72.9142942,29.687,7.98,12.0,0.05,-0.0005408446307583368,6.209373561382291,30.0,12.4,80.0,0,0,0,attack,command_injection,0.006114125953157967,0.007651166800695491,0.7919961421176144,0.0,0.0,0.01000000000001336,0.1,24.5,11,4,10.0
1790515275100000,246,1,4.0,19.1338021,72.9142937,29.691,-0.59,7.97,0.04,355.72,3.0,19.1338021,72.9142937,29.691,7.99,12.0,0.05,-0.0021146289794058337,6.208536024968313,30.0,12.4,80.0,0,0,0,attack,command_injection,0.0031438553855310802,0.003928931143189283,0.8023246859864659,0.0,0.0,2.2169766022983595e-14,0.1,24.59999990463257,11,4,10.0
1790515275200000,247,1,4.0,19.1338093,72.9142931,29.695,-0.6,7.97,0.04,355.67,3.0,19.1338093,72.9142931,29.695,7.99,12.0,0.05,-0.0001130685174041694,6.207620037625237,30.0,12.4,80.0,0,0,0,attack,command_injection,0.0038255730720643255,0.004780440911134433,0.8030808514406217,0.0,0.0,1.3357370765021415e-14,0.1,24.700000047683716,11,4,10.0
1790515275300000,248,1,4.0,19.1338165,72.9142925,29.7,-0.6,7.97,0.04,355.69,3.0,19.1338165,72.9142925,29.7,7.99,12.0,0.05,-0.0021054768586374543,6.207989219554473,30.0,12.4,80.0,0,0,0,attack,command_injection,0.0038255727392084715,0.00478044049519734,0.8030808511077658,0.0,0.0,0.009999999999990052,0.1,24.799999952316284,11,4,10.0
1790515275400000,249,1,4.0,19.1338236,72.914292,29.705,-0.59,7.97,0.04,355.7,3.0,19.1338236,72.914292,29.705,7.99,12.0,0.05,0.0009506740477473923,6.208214200717453,30.0,12.4,80.0,0,0,0,normal,none,0.007951448121464755,0.009937063995263704,0.7912293824794701,0.0,0.0,0.009999999999990052,0.1,24.90000009536743,11,3,10.0
1790515275500000,250,1,4.0,19.1338308,72.9142914,29.709,-0.6,7.97,0.04,355.64,3.0,19.1338308,72.9142914,29.709,8.0,12.0,0.05,0.0015181225514547267,6.207179123285371,30.0,12.4,80.0,0,0,0,normal,none,0.0038255724280060743,0.004780440106318434,0.8030808507965634,0.0,0.0,1.3357370765021415e-14,0.1,25.0,11,4,10.0
1790515275600000,251,1,4.0,19.133838,72.9142908,29.714,-0.61,7.98,0.04,355.62,3.0,19.133838,72.9142908,29.714,8.01,12.0,0.05,-0.001337134184975484,6.206868125554316,30.0,12.4,80.0,0,0,0,normal,none,0.002752793121206576,0.0034352885745482934,0.8030808508575326,0.0,0.0,0.009999999999990052,0.1,25.09999990463257,11,4,10.0
1790515275700000,252,1,4.0,19.1338452,72.9142902,29.718,-0.61,7.98,0.04,355.62,3.0,19.1338452,72.9142902,29.718,8.01,12.0,0.05,0.0003142152164263246,6.206817445807855,30.0,12.4,80.0,0,0,0,normal,none,0.0027527926288678506,0.0034352879601448408,0.8030808503651938,0.0,0.0,1.3357370765021415e-14,0.1,25.200000047683716,11,4,10.0
1790515275800000,253,1,4.0,19.1338523,72.9142896,29.722,-0.62,7.99,0.03,355.56,3.0,19.1338523,72.9142896,29.722,8.01,12.0,0.05,0.0017236573699428714,6.205720866220493,30.0,12.4,80.0,0,0,0,normal,none,0.009405756304501467,0.011722001584786056,0.7919961403740627,0.0,0.0,0.01000000000001336,0.1,25.299999952316284,11,4,10.0
1790515275900000,254,1,4.0,19.1338595,72.914289,29.726,-0.61,7.98,0.03,355.62,3.0,19.1338595,72.914289,29.726,8.0,12.0,0.05,0.0002763465230043504,6.206819780045341,30.0,12.4,80.0,0,0,0,normal,none,0.0027527922004936256,0.0034352874255645016,0.8030808499368196,0.0,0.0,0.009999999999977832,0.1,25.40000009536743,11,3,10.0
1790515276000000,255,1,4.0,19.1338667,72.9142885,29.73,-0.61,7.97,0.03,355.6,3.0,19.1338667,72.9142885,29.73,8.0,12.0,0.05,-0.0002470895639673502,6.206546091670639,30.0,12.4,80.0,0,0,0,normal,none,0.002993714391834601,0.0037405954575284507,0.8023246846413302,0.0,0.0,0.01000000000001336,0.1,25.5,11,4,10.0
1790515276100000,256,1,4.0,19.1338739,72.9142879,29.734,-0.61,7.98,0.04,355.62,3.0,19.1338739,72.9142879,29.734,8.0,12.0,0.05,-0.0004179895105094116,6.20680605332205,30.0,12.4,80.0,0,0,0,normal,none,0.002752792045777497,0.0034352872324898585,0.8030808497821035,0.0,0.0,1.3357370765021415e-14,0.1,25.59999990463257,11,4,10.0
1790515276200000,257,1,4.0,19.1338811,72.9142873,29.738,-0.61,7.98,0.04,355.6,3.0,19.1338811,72.9142873,29.738,8.0,12.0,0.05,-0.00023729566817377775,6.206553300577,30.0,12.4,80.0,0,0,0,normal,none,0.0027527915534383274,0.0034352866180858517,0.8030808492897643,0.0,0.0,2.2169766022983595e-14,0.1,25.700000047683716,11,4,10.0
1790515276300000,258,1,4.0,19.1338882,72.9142867,29.743,-0.61,7.98,0.04,355.56,3.0,19.1338882,72.9142867,29.743,8.0,12.0,0.05,-0.0020655438091368486,6.205837961963417,30.0,12.4,80.0,0,0,0,normal,none,0.008331918452744724,0.010397637237714584,0.7919961392835813,0.0,0.0,0.009999999999990052,0.1,25.799999952316284,11,4,10.0
1790515276400000,259,1,4.0,19.1338954,72.9142861,29.748,-0.61,7.98,0.04,355.56,3.0,19.1338954,72.9142861,29.748,8.0,12.0,0.05,0.00023308458021347513,6.2057136636878765,30.0,12.4,80.0,0,0,0,normal,none,0.0027527911250634363,0.003435286083504681,0.8030808488613894,0.0,0.0,0.010000000000025579,0.1,25.90000009536743,11,3,10.0
1790515276500000,260,1,4.0,19.1339026,72.9142855,29.752,-0.61,7.98,0.04,355.57,3.0,19.1339026,72.9142855,29.752,8.0,12.0,0.05,-0.000686407448893049,6.205911150955278,30.0,12.4,80.0,0,0,0,normal,none,0.002752790792206916,0.0034352856681235935,0.8030808485285329,0.0,0.0,2.2169766022983595e-14,0.1,26.0,11,4,10.0
1790515276600000,261,1,4.0,19.1339098,72.9142849,29.757,-0.62,7.97,0.04,355.54,3.0,19.1339098,72.9142849,29.757,7.99,12.0,0.05,0.0010380276348119582,6.205386331069494,30.0,12.4,80.0,0,0,0,normal,none,0.0036729429334905195,0.004588838898842249,0.8030808488238438,0.0,0.0,0.010000000000025579,0.1,26.09999990463257,11,4,10.0
1790515276700000,262,1,4.0,19.1339169,72.9142843,29.762,-0.62,7.96,0.04,355.52,3.0,19.1339169,72.9142843,29.762,7.99,12.0,0.05,-0.0010487614862742128,6.205147074876528,30.0,12.4,80.0,0,0,0,normal,none,0.006414783750973041,0.008024388429392508,0.7919961380180118,0.0,0.0,0.009999999999990052,0.1,26.200000047683716,11,4,10.0
1790515276800000,263,1,4.0,19.1339241,72.9142837,29.767,-0.62,7.95,0.05,355.48,3.0,19.1339241,72.9142837,29.767,7.98,12.0,0.05,-0.0011782904487061632,6.204317560834755,30.0,12.4,80.0,0,0,0,normal,none,0.005666903195110096,0.0070977006716585,0.8030808483954683,0.0,0.0,9.950373858202965e-15,0.1,26.299999952316284,11,4,10.0
1790515276900000,264,1,4.0,19.1339313,72.9142831,29.772,-0.63,7.95,0.04,355.46,3.0,19.1339313,72.9142831,29.772,7.98,12.0,0.05,0.0029390739201769836,6.204079851121019,30.0,12.4,80.0,0,0,0,normal,none,0.005588527956552403,0.0069988499808820125,0.8030808476687864,0.0,0.0,0.009999999999990052,0.1,26.40000009536743,11,3,10.0
1790515277000000,265,1,4.0,19.1339384,72.9142825,29.776,-0.63,7.96,0.04,355.44,3.0,19.1339384,72.9142825,29.776,7.98,12.0,0.05,-0.00014832401384273577,6.203772049762642,30.0,12.4,80.0,0,0,0,normal,none,0.00649306054658616,0.008121511284185772,0.7919961378775379,0.0,0.0,1.3357370765021415e-14,0.1,26.5,11,4,10.0
1790515277100000,266,1,4.0,19.1339456,72.9142819,29.781,-0.62,7.95,0.04,355.47,3.0,19.1339456,72.9142819,29.781,7.98,12.0,0.05,0.0003275026520623569,6.204256162351196,30.0,12.4,80.0,0,0,0,normal,none,0.0056669020400523795,0.007097699224968192,0.8030808472404106,0.0,0.0,0.009999999999990052,0.1,26.59999990463257,11,4,10.0
1790515277200000,267,1,4.0,19.1339527,72.9142814,29.786,-0.62,7.95,0.05,355.53,3.0,19.1339527,72.9142814,29.786,7.98,12.0,0.05,-0.0022725728056474325,6.2052221801859035,30.0,12.4,80.0,0,0,0,normal,none,0.0061845657418468925,0.007746064280346337,0.7912293794585114,0.0,0.0,2.5576762929802044e-14,0.1,26.700000047683716,11,4,10.0
1790515277300000,268,1,4.0,19.1339599,72.9142807,29.791,-0.63,7.95,0.05,355.45,3.0,19.1339599,72.9142807,29.791,7.98,12.0,0.05,-0.0017626968086935145,6.203935395074736,30.0,12.4,80.0,0,0,0,normal,none,0.006481259065826084,0.008116870890081751,0.8039735787780601,0.0,0.0,9.950373858202965e-15,0.1,26.799999952316284,11,4,10.0
1790515277400000,269,1,4.0,19.1339671,72.9142801,29.797,-0.62,7.96,0.05,355.48,3.0,19.1339671,72.9142801,29.797,7.99,12.0,0.05,0.0008526694930803079,6.204377487140041,30.0,12.4,80.0,0,0,0,normal,none,0.004669924944534665,0.005841707709222651,0.8030808467135195,0.0,0.0,0.010000000000002271,0.1,26.90000009536743,11,3,10.0
1790515277500000,270,1,4.0,19.1339742,72.9142796,29.801,-0.62,7.95,0.04,355.47,3.0,19.1339742,72.9142796,29.801,7.98,12.0,0.05,0.002387919927887422,6.204233359650031,30.0,12.4,80.0,0,0,0,normal,none,0.006184565900744676,0.007746064479363131,0.7912293792996136,0.0,0.0,2.2169766022983595e-14,0.1,27.0,11,4,10.0
1790515277600000,271,1,4.0,19.1339814,72.914279,29.806,-0.62,7.95,0.04,355.48,3.0,19.1339814,72.914279,29.806,7.98,12.0,0.05,-0.001274354922126809,6.20442977582207,30.0,12.4,80.0,0,0,0,normal,none,0.005666901084784848,0.007097698028511721,0.8030808462851431,0.0,0.0,0.010000000000025579,0.1,27.09999990463257,11,4,10.0
1790515277700000,272,1,4.0,19.1339885,72.9142784,29.811,-0.63,7.95,0.04,355.47,3.0,19.1339885,72.9142784,29.811,7.98,12.0,0.05,0.001441695370733492,6.204142029589208,30.0,12.4,80.0,0,0,0,normal,none,0.005496183475327321,0.006883201428046387,0.7919961362369067,0.0,0.0,0.009999999999990052,0.1,27.200000047683716,11,4,10.0
1790515277800000,273,1,4.0,19.1339957,72.9142777,29.816,-0.63,7.96,0.04,355.43,3.0,19.1339957,72.9142777,29.816,7.99,12.0,0.05,-0.0008484080255944729,6.20343488964631,30.0,12.4,80.0,0,0,0,normal,none,0.005484378639007748,0.006859853328622858,0.8039735770631318,0.0,0.0,0.009999999999990052,0.1,27.299999952316284,11,4,10.0
1790515277900000,274,1,4.0,19.1340029,72.9142771,29.821,-0.63,7.97,0.05,355.43,3.0,19.1340029,72.9142771,29.821,7.99,12.0,0.05,-0.0012768608946435004,6.203437002695945,30.0,12.4,80.0,0,0,0,normal,none,0.0035947605918444925,0.004490722149342012,0.8030808455239089,0.0,0.0,2.5576762929802044e-14,0.1,27.40000009536743,11,3,10.0
1790515278000000,275,1,4.0,19.13401,72.9142765,29.826,-0.63,7.96,0.04,355.46,3.0,19.13401,72.9142765,29.826,7.99,12.0,0.05,0.001356490151187832,6.204090723882401,30.0,12.4,80.0,0,0,0,normal,none,0.0064930627214839776,0.008121514004544998,0.79199613570264,0.0,0.0,0.009999999999990052,0.1,27.5,11,4,10.0
1790515278100000,276,1,4.0,19.1340172,72.9142759,29.83,-0.63,7.97,0.04,355.46,3.0,19.1340172,72.9142759,29.83,7.99,12.0,0.05,0.002135897465702893,6.204032832569701,30.0,12.4,80.0,0,0,0,normal,none,0.00359476016346727,0.004490721614195642,0.8030808450955317,0.0,0.0,2.2169766022983595e-14,0.1,27.59999990463257,11,4,10.0
1790515278200000,277,1,4.0,19.1340244,72.9142753,29.834,-0.64,7.97,0.04,355.38,3.0,19.1340244,72.9142753,29.834,8.0,12.0,0.05,-0.0019616958638766753,6.202561338050388,30.0,12.4,80.0,0,0,0,normal,none,0.003515338380940203,0.004391069000799114,0.8030808453908412,0.0,0.0,1.3357370765021415e-14,0.1,27.700000047683716,11,4,10.0
1790515278300000,278,1,4.0,19.1340315,72.9142747,29.839,-0.64,7.97,0.04,355.38,3.0,19.1340315,72.9142747,29.839,7.99,12.0,0.05,-0.0001934988689811049,6.202647149869607,30.0,12.4,80.0,0,0,0,normal,none,0.00756937247294065,0.009455031982594567,0.7919961345369604,0.0,0.0,0.009999999999990052,0.1,27.799999952316284,11,4,10.0
1790515278400000,279,1,4.0,19.1340387,72.9142741,29.844,-0.64,7.96,0.04,355.39,3.0,19.1340387,72.9142741,29.844,7.99,12.0,0.05,-0.0003128516993116639,6.202741283884345,30.0,12.4,80.0,0,0,0,normal,none,0.004512125314617643,0.005643198894280054,0.8030808449624637,0.0,0.0,0.010000000000025579,0.1,27.90000009536743,11,3,10.0
1790515278500000,280,1,4.0,19.1340459,72.9142735,29.849,-0.63,7.97,0.04,355.43,3.0,19.1340459,72.9142735,29.849,7.99,12.0,0.05,0.0003549052595228231,6.203507449844426,30.0,12.4,80.0,0,0,0,normal,none,0.0035947594208873834,0.004490720686534436,0.8030808443529518,0.0,0.0,0.009999999999990052,0.1,28.0,11,4,10.0
1790515278600000,281,1,4.0,19.134053,72.9142729,29.853,-0.63,7.97,0.04,355.46,3.0,19.134053,72.9142729,29.853,7.99,12.0,0.05,0.0016802537730231427,6.203949708679202,30.0,12.4,80.0,0,0,0,normal,none,0.007489950654392286,0.009356753097123409,0.7919961342776721,0.0,0.0,1.3357370765021415e-14,0.1,28.09999990463257,11,4,10.0
1790515278700000,282,1,4.0,19.1340602,72.9142723,29.857,-0.62,7.97,0.04,355.5,3.0,19.1340602,72.9142723,29.857,8.0,12.0,0.05,-0.0005589704559405481,6.2047040770257595,30.0,12.4,80.0,0,0,0,normal,none,0.0036729380342204188,0.0045888327778755966,0.8030808439245737,0.0,0.0,2.2169766022983595e-14,0.1,28.200000047683716,11,4,10.0
1790515278800000,283,1,4.0,19.1340674,72.9142717,29.861,-0.62,7.97,0.04,355.51,3.0,19.1340674,72.9142717,29.861,8.0,12.0,0.05,0.001143157067325859,6.204842348245194,30.0,12.4,80.0,0,0,0,normal,none,0.0036729377013626774,0.004588832362015459,0.8030808435917159,0.0,0.0,1.3357370765021415e-14,0.1,28.299999952316284,11,4,10.0
1790515278900000,284,1,4.0,19.1340746,72.9142711,29.866,-0.62,7.97,0.04,355.52,3.0,19.1340746,72.9142711,29.866,8.0,12.0,0.05,-0.0018112379849359527,6.205063645031363,30.0,12.4,80.0,0,0,0,normal,none,0.003672937996671677,0.004588832730963588,0.8030808438870249,0.0,0.0,0.009999999999990052,0.1,28.40000009536743,11,3,10.0
1790515279000000,285,1,4.0,19.1340817,72.9142705,29.87,-0.62,7.97,0.04,355.49,3.0,19.1340817,72.9142705,29.87,7.99,12.0,0.05,0.0014115708219131055,6.20449209451628,30.0,12.4,80.0,0,0,0,normal,none,0.007411772878256895,0.009259994589898795,0.7919961330120964,0.0,0.0,1.3357370765021415e-14,0.1,28.5,11,4,10.0
1790515279100000,286,1,4.0,19.1340889,72.9142699,29.874,-0.62,7.97,0.03,355.51,3.0,19.1340889,72.9142699,29.874,7.99,12.0,0.05,0.0007881187117016297,6.204975168504592,30.0,12.4,80.0,0,0,0,normal,none,0.0036729371744679273,0.004588831703732668,0.8030808430648212,0.0,0.0,0.009999999999977832,0.1,28.59999990463257,11,4,10.0
1790515279200000,287,1,4.0,19.1340961,72.9142693,29.878,-0.63,7.98,0.03,355.46,3.0,19.1340961,72.9142693,29.878,8.01,12.0,0.05,-0.00026383251161790817,6.204097983463402,30.0,12.4,80.0,0,0,0,normal,none,0.002597863918859744,0.003241321383306659,0.8030808431257883,0.0,0.0,0.01000000000001336,0.1,28.700000047683716,11,4,10.0
1790515279300000,288,1,4.0,19.1341033,72.9142687,29.883,-0.63,7.98,0.04,355.43,3.0,19.1341033,72.9142687,29.883,8.0,12.0,0.05,-0.0018830151020110225,6.20353643777217,30.0,12.4,80.0,0,0,0,normal,none,0.002597863426518132,0.0032413207690183653,0.8030808426334467,0.0,0.0,0.009999999999990052,0.1,28.799999952316284,11,4,10.0
1790515279400000,289,1,4.0,19.1341104,72.9142681,29.887,-0.63,7.97,0.04,355.41,3.0,19.1341104,72.9142681,29.887,8.0,12.0,0.05,0.00020836601027927274,6.203198334545399,30.0,12.4,80.0,0,0,0,normal,none,0.007489952397963795,0.009356755275264344,0.7919961325341006,0.0,0.0,1.3357370765021415e-14,0.1,28.90000009536743,11,3,10.0
1790515279500000,290,1,4.0,19.1341176,72.9142675,29.892,-0.63,7.98,0.05,355.47,3.0,19.1341176,72.9142675,29.892,8.0,12.0,0.05,-0.0019687062303178184,6.204195654848663,30.0,12.4,80.0,0,0,0,normal,none,0.0025978629981390222,0.003241320234535262,0.8030808422050676,0.0,0.0,9.950373858202965e-15,0.1,29.0,11,4,10.0
1790515279600000,291,1,4.0,19.1341248,72.9142669,29.897,-0.63,7.97,0.04,355.43,3.0,19.1341248,72.9142669,29.897,8.0,12.0,0.05,0.0008128361968034784,6.203531718797924,30.0,12.4,80.0,0,0,0,normal,none,0.003594756940144883,0.00449071758748931,0.8030808418722093,0.0,0.0,0.009999999999990052,0.1,29.09999990463257,11,4,10.0
1790515279700000,292,1,4.0,19.134132,72.9142663,29.903,-0.63,7.97,0.05,355.41,3.0,19.134132,72.9142663,29.903,8.0,12.0,0.05,-0.0012311227274943326,6.203149425665409,30.0,12.4,80.0,0,0,0,normal,none,0.0035947572354532165,0.004490717956400574,0.8030808421675176,0.0,0.0,0.010000000000002271,0.1,29.200000047683716,11,4,10.0
1790515279800000,293,1,4.0,19.1341391,72.9142657,29.907,-0.64,7.97,0.04,355.38,3.0,19.1341391,72.9142657,29.907,7.99,12.0,0.05,0.0019653728388954487,6.202664243660466,30.0,12.4,80.0,0,0,0,normal,none,0.0075693757413785034,0.009455036065255917,0.7919961312685225,0.0,0.0,1.3357370765021415e-14,0.1,29.299999952316284,11,4,10.0
1790515279900000,294,1,4.0,19.1341463,72.9142651,29.912,-0.64,7.97,0.05,355.41,3.0,19.1341463,72.9142651,29.912,7.99,12.0,0.05,-0.0012357946277061036,6.203079590931463,30.0,12.4,80.0,0,0,0,normal,none,0.0035153347292370407,0.004391064439394545,0.8030808417391381,0.0,0.0,9.950373858202965e-15,0.1,29.40000009536743,11,3,10.0
1790515280000000,295,1,4.0,19.1341535,72.9142644,29.918,-0.64,7.97,0.05,355.35,3.0,19.1341535,72.9142644,29.918,7.99,12.0,0.05,-0.0017189022396837575,6.2021564085868315,30.0,12.4,80.0,0,0,0,normal,none,0.004408063626211045,0.005506187298369986,0.8039735706361121,0.0,0.0,0.010000000000002271,0.1,29.5,11,4,10.0
1790515280100000,296,1,4.0,19.1341607,72.9142638,29.924,-0.64,7.97,0.05,355.37,3.0,19.1341607,72.9142638,29.924,8.0,12.0,0.05,-0.0010593360902677483,6.202442817775736,30.0,12.4,80.0,0,0,0,normal,none,0.0035153337868654155,0.004391063262262109,0.8030808407967664,0.0,0.0,0.010000000000002271,0.1,29.59999990463257,11,4,10.0
1790515280200000,297,1,4.0,19.1341678,72.9142632,29.93,-0.64,7.97,0.05,355.39,3.0,19.1341678,72.9142632,29.93,7.99,12.0,0.05,0.0007049159340600529,6.20281802549099,30.0,12.4,80.0,0,0,0,normal,none,0.007569376100565739,0.009455036513922807,0.7919961309093353,0.0,0.0,0.010000000000002271,0.1,29.700000047683716,11,4,10.0
1790515280300000,298,1,4.0,19.134175,72.9142626,29.936,-0.64,7.98,0.05,355.4,3.0,19.134175,72.9142626,29.936,8.01,12.0,0.05,-0.0006359218842279433,6.203045300917309,30.0,12.4,80.0,0,0,0,normal,none,0.0025185379833688737,0.003142036465381496,0.8030808403683862,0.0,0.0,0.010000000000002271,0.1,29.799999952316284,11,4,10.0
1790515280400000,299,1,4.0,19.1341822,72.914262,30.05,-0.64,7.98,-0.02,355.39,3.0,19.1341822,72.914262,29.942,8.01,12.0,0.38982808998008134,-7.895785289077688e-05,6.202882749700475,30.0,12.4,80.0,0,0,0,attack,telemetry_manipulation,0.002518538278676763,0.003142036833796887,0.8030808406636941,0.0,0.10800000000000054,1.1600000000000077,0.1,29.90000009536743,11,3,10.0
1790515280500000,300,1,4.0,19.1341894,72.9142614,31.705,-0.64,7.98,-0.12,355.38,3.0,19.1341894,72.9142614,29.948,8.01,12.0,0.2578828164636414,-0.0010592423208331714,6.202694104076042,30.0,12.4,80.0,0,0,0,attack,telemetry_manipulation,0.0025185375519928277,0.0031420359272124167,0.8030808399370102,0.0,1.756999999999998,16.669999999999977,0.1,30.0,11,4,10.0
1790515280600000,301,1,4.0,19.1341966,72.9142608,32.449,-0.63,7.99,-0.63,355.47,3.0,19.1341966,72.9142608,29.954,8.01,12.0,-0.3592728530309269,0.00027665569247813766,6.204206131732139,30.0,12.4,80.0,0,0,0,attack,telemetry_manipulation,0.001600958618757864,0.0019950140261765516,0.8030808398384927,0.0,2.4949999999999974,8.069999999999999,0.1,30.09999990463257,11,4,10.0
1790515280700000,302,1,4.0,19.1342037,72.9142602,34.267,-0.63,7.98,-0.78,355.43,3.0,19.1342037,72.9142602,29.961,8.01,12.0,-0.07648166439091415,-0.0007405456387394847,6.203527536134156,30.0,12.4,80.0,0,0,0,attack,telemetry_manipulation,0.008486849506900707,0.010588932924437754,0.7919961297000279,0.0,4.3060000000000045,18.96000000000005,0.1,30.200000047683716,11,4,10.0
1790515280800000,303,1,4.0,19.1342109,72.9142596,35.776,-0.63,7.99,-1.16,355.47,3.0,19.1342109,72.9142596,29.967,8.01,12.0,0.1680974751785507,0.00041226460013173166,6.204175312791738,30.0,12.4,80.0,0,0,0,attack,telemetry_manipulation,0.0016009581903769776,0.0019950134923552103,0.8030808394101118,0.0,5.809000000000005,16.250000000000004,0.1,30.299999952316284,11,4,10.0
1790515280900000,304,1,4.0,19.1342181,72.914259,37.367,-0.63,7.99,-1.52,355.45,3.0,19.1342181,72.914259,29.974,8.01,12.0,0.1713472553753964,-0.00033664782984879973,6.203925381959607,30.0,12.4,80.0,0,0,0,attack,telemetry_manipulation,0.001600957857517904,0.0019950130775671497,0.8030808390772527,0.0,7.392999999999997,17.42999999999994,0.1,30.40000009536743,11,3,10.0
1790515281000000,305,1,4.0,19.1342253,72.9142583,39.055,-0.64,7.98,-1.82,355.36,3.0,19.1342253,72.9142583,29.979,8.0,12.0,0.09717552383823325,0.004841742674767851,6.2022955699147735,30.0,12.4,80.0,0,0,0,attack,telemetry_manipulation,0.003411265720133061,0.0042557711483972895,0.8039735681051504,0.0,9.076,18.700000000000024,0.1,30.5,11,4,10.0
1790515281100000,306,1,4.0,19.1342325,72.9142577,40.507,-0.65,7.97,-2.07,355.34,3.0,19.1342325,72.9142577,29.984,8.0,12.0,0.3501846772703992,-0.001112945849646853,6.2018717062766875,30.0,12.4,80.0,0,0,0,attack,telemetry_manipulation,0.003434667009563963,0.004289868771921751,0.8030808387630465,0.0,10.522999999999996,16.589999999999982,0.1,30.59999990463257,11,4,10.0
1790515281200000,307,1,4.0,19.1342397,72.9142571,41.897,-0.65,7.98,-2.45,355.33,3.0,19.1342397,72.9142571,29.989,8.0,12.0,0.262044619116464,0.0010825482576484933,6.201805806282731,30.0,12.4,80.0,0,0,0,attack,telemetry_manipulation,0.0024379717286845404,0.003041219263530647,0.8030808384301872,0.0,11.907999999999998,16.350000000000005,0.1,30.700000047683716,11,4,10.0
1790515281300000,308,1,4.0,19.1342468,72.9142565,43.282,-0.65,7.97,-2.52,355.3,3.0,19.1342468,72.9142565,29.993,8.0,12.0,0.020870329068206274,0.0005232576796791125,6.2013143574447716,30.0,12.4,80.0,0,0,0,attack,telemetry_manipulation,0.00765004324384988,0.009554836473014841,0.7919961285096326,0.0,13.288999999999998,16.36999999999998,0.1,30.799999952316284,11,4,10.0
1790515281400000,309,1,4.0,19.134254,72.9142559,45.02,-0.65,7.97,-2.92,355.29,3.0,19.134254,72.9142559,29.998,7.99,12.0,0.23196645431196505,0.0018425899906732751,6.201137330712694,30.0,12.4,80.0,0,0,0,attack,telemetry_manipulation,0.003434666248323004,0.004289867821138513,0.8030808380018055,0.0,15.022000000000002,20.300000000000068,0.1,30.90000009536743,11,3,10.0
1790515281500000,310,1,4.0,19.1342612,72.9142552,45.301,-0.66,7.96,-3.02,355.25,3.0,19.1342612,72.9142552,30.002,7.99,12.0,-0.004964325324676763,-0.0009337523493977479,6.200323947460813,30.0,12.4,80.0,0,0,0,attack,telemetry_manipulation,0.005242072334653125,0.00655479041648466,0.803973566642972,0.0,15.299000000000003,5.829999999999988,0.1,31.0,11,4,10.0
1790515281600000,311,1,4.0,19.1342683,72.9142546,45.11,-0.66,7.96,-2.98,355.26,3.0,19.1342683,72.9142546,30.006,7.99,12.0,-0.04634096608455482,0.0026941372665396446,6.200542760657445,30.0,12.4,80.0,0,0,0,attack,telemetry_manipulation,0.006735366964372491,0.008422035411019862,0.7919961273439464,0.0,15.104,1.069999999999975,0.1,31.09999990463257,11,4,10.0
1790515281700000,312,1,4.0,19.1342755,72.914254,45.132,-0.66,7.97,-2.9,355.24,3.0,19.1342755,72.914254,30.008,8.0,12.0,0.07497600574607984,0.002298927294554316,6.200173474487817,30.0,12.4,80.0,0,0,0,attack,telemetry_manipulation,0.0033527590819467656,0.004187138144358157,0.8030808378687304,0.0,15.123999999999999,3.1199999999999846,0.1,31.200000047683716,11,4,10.0
1790515281800000,313,1,4.0,19.1342827,72.9142533,45.48,-0.66,7.97,-2.95,355.22,3.0,19.1342827,72.9142533,30.011,8.0,12.0,0.02662804987905994,-0.000414353743641922,6.1997624241168765,30.0,12.4,80.0,0,0,0,attack,telemetry_manipulation,0.00424548658712165,0.0053020328618351474,0.8039735653739053,0.0,15.468999999999998,6.42999999999999,0.1,31.299999952316284,11,4,10.0
1790515281900000,314,1,4.0,19.1342893,72.9142521,45.044,-1.27,7.32,-3.05,350.15,3.0,19.1342893,72.9142521,30.014,7.43,12.0,-0.10469469521904899,0.0017130263436440237,6.111305928663818,30.0,12.4,80.0,0,0,0,attack,telemetry_manipulation,0.0016994594641190908,0.0022844180789080605,0.7446348536943308,0.0,15.029999999999998,1.3099999999999996,0.1,31.40000009536743,11,3,10.0
1790515282000000,315,1,4.0,19.1342953,72.9142504,45.159,-1.83,6.72,-3.08,344.77,3.0,19.1342953,72.9142504,30.016,6.97,12.0,-0.0037437958494703286,0.0009613497424647726,6.0174519374916615,30.0,12.4,80.0,0,0,0,attack,telemetry_manipulation,0.005813533223283707,0.008335151375251473,0.6906582896094854,0.0,15.143,4.23000000000002,0.1,31.5,11,4,10.0
1790515282100000,316,1,4.0,19.1343009,72.9142481,44.992,-2.34,6.17,-2.96,339.19,3.0,19.1343009,72.9142481,30.018,6.6,12.0,0.11917429799163948,-0.0024530538491916365,5.919985718792507,30.0,12.4,80.0,0,0,0,attack,telemetry_manipulation,0.008042983964314354,0.012170065283145447,0.6679255492742338,0.0,14.973999999999997,1.289999999999984,0.1,31.59999990463257,11,4,10.0
1790515282200000,317,1,4.0,19.134306,72.9142455,45.037,-2.82,5.65,-3.19,333.46,3.0,19.134306,72.9142455,30.02,6.32,12.0,0.019011095248988016,0.003177688310410691,5.819981749971728,30.0,12.4,80.0,0,0,0,attack,telemetry_manipulation,0.0020229957980933966,0.00319858550670325,0.6294427594095822,0.0,15.017,3.640000000000017,0.1,31.700000047683716,11,4,10.0
1790515282300000,318,1,4.0,19.1343106,72.9142424,44.79,-3.25,5.17,-3.01,327.84,3.0,19.1343106,72.9142424,30.023,6.11,12.0,0.19869892440060283,-0.0026151065651984604,5.721919794108492,30.0,12.4,80.0,0,0,0,attack,telemetry_manipulation,0.004297750678491363,0.007026293297090858,0.6063690979386577,0.0,14.767,0.5400000000000009,0.1,31.799999952316284,11,4,10.0
1790515282400000,319,1,4.0,19.1343149,72.9142389,45.268,-3.64,4.73,-2.97,322.37,3.0,19.1343149,72.9142389,30.026,5.97,12.0,0.1258639696118915,-0.0016615318522218857,5.626513032610676,30.0,12.4,80.0,0,0,0,attack,telemetry_manipulation,0.0063169900609099106,0.010566251791353861,0.603162866313733,0.0,15.242,7.750000000000016,0.1,31.90000009536743,11,3,10.0
1790515282500000,320,1,4.0,19.1343188,72.9142351,44.584,-4.01,4.33,-2.98,317.14,3.0,19.1343188,72.9142351,30.03,5.9,12.0,0.1436766168423441,-0.001907184020367678,5.535153295454302,30.0,12.4,80.0,0,0,0,attack,telemetry_manipulation,0.0007383685863999734,0.0012490143846863439,0.5894226263971724,0.0,14.554000000000002,3.859999999999975,0.1,32.0,11,4,10.0
1790515282600000,321,1,4.0,19.1343223,72.9142309,44.822,-4.34,3.95,-2.95,312.31,3.0,19.1343223,72.9142309,30.034,5.88,12.0,-0.007123937696355213,0.00019595546939814835,5.450954195747024,30.0,12.4,80.0,0,0,0,attack,telemetry_manipulation,0.0014929043146794108,0.0025396446588976896,0.5883327461795617,0.0,14.788000000000004,5.329999999999996,0.1,32.09999990463257,11,4,10.0
1790515282700000,322,1,4.0,19.1343256,72.9142265,45.337,-4.65,3.61,-2.88,307.83,3.0,19.1343256,72.9142265,30.036,5.89,12.0,-0.030217464048556464,0.00328586566591783,5.372658653384478,30.0,12.4,80.0,0,0,0,attack,telemetry_manipulation,0.0014892716051815302,0.0025255521985711386,0.5901708493702752,0.0,15.301000000000002,8.030000000000005,0.1,32.200000047683716,11,4,10.0
1790515282800000,323,1,4.0,19.1343285,72.9142218,45.478,-4.92,3.28,-3.01,303.71,3.0,19.1343285,72.9142218,30.039,5.92,12.0,0.35929168372507014,-0.0005812779667615737,5.3008250974805815,30.0,12.4,80.0,0,0,0,attack,telemetry_manipulation,0.0015935029307649895,0.002690317283097485,0.5897169062453292,0.0,15.439,4.419999999999982,0.1,32.299999952316284,11,4,10.0
1790515282900000,324,1,4.0,19.1343312,72.9142169,44.894,-5.18,2.99,-2.99,299.98,3.0,19.1343312,72.9142169,30.042,5.98,12.0,0.08197841273760303,0.001096015036430064,5.235714806511178,30.0,12.4,80.0,0,0,0,attack,telemetry_manipulation,0.0021927406475020783,0.003660050733566225,0.5959084213644105,0.0,14.851999999999997,2.8500000000000316,0.1,32.40000009536743,11,3,10.0
1790515283000000,325,1,4.0,19.1343337,72.9142117,44.819,-5.42,2.72,-3.17,296.64,3.0,19.1343337,72.9142117,30.044,6.06,12.0,-0.06994059200688203,0.0010789992710412333,5.17738750422099,30.0,12.4,80.0,0,0,0,attack,telemetry_manipulation,0.006510499605433484,0.010718242741339848,0.6129327947100908,0.0,14.775000000000002,2.4200000000000426,0.1,32.5,11,4,10.0
1790515283100000,326,1,4.0,19.1343359,72.9142063,45.37,-5.64,2.46,-3.03,293.6,3.0,19.1343359,72.9142063,30.046,6.15,12.0,0.0009940089551483747,0.0008804721845348821,5.124315488712253,30.0,12.4,80.0,0,0,0,attack,telemetry_manipulation,0.002462869927609468,0.003996124889161984,0.6177774236316479,0.0,15.323999999999998,8.539999999999948,0.1,32.59999990463257,11,4,10.0
1790515283200000,327,1,4.0,19.1343379,72.9142008,45.502,-5.83,2.23,-2.95,290.93,3.0,19.1343379,72.9142008,30.047,6.24,12.0,0.1553462537920074,0.0012574352415017408,5.077753485353576,30.0,12.4,80.0,0,0,0,attack,telemetry_manipulation,0.005088070534058353,0.008138388259569248,0.6191058096025545,0.0,15.455000000000002,4.27000000000005,0.1,32.700000047683716,11,4,10.0
1790515283300000,328,1,4.0,19.1343397,72.914195,45.303,-6.01,2.02,-3.09,288.63,3.0,19.1343397,72.914195,30.049,6.34,12.0,0.06870892867856737,0.000865953055422322,5.037556125400314,30.0,12.4,80.0,0,0,0,attack,telemetry_manipulation,0.007293317488696327,0.0114848404526122,0.6413319598441919,0.0,15.253999999999998,1.0999999999999481,0.1,32.799999952316284,11,4,10.0
1790515283400000,329,1,4.0,19.1343414,72.9141891,45.094,-6.19,1.82,-3.01,286.38,3.0,19.1343414,72.9141891,30.049,6.45,12.0,-0.11395477144593637,0.001393916459477415,4.998394856319786,30.0,12.4,80.0,0,0,0,attack,telemetry_manipulation,0.002788544419053629,0.004315286079441444,0.6479900633261313,0.0,15.045000000000002,0.920000000000039,0.1,32.90000009536743,11,3,10.0
1790515283500000,330,1,4.0,19.1343428,72.9141831,45.189,-6.33,1.64,-3.16,284.52,3.0,19.1343428,72.9141831,30.05,6.54,12.0,-0.0905600147772418,0.0010324233564163753,4.96596961489689,30.0,12.4,80.0,0,0,0,attack,telemetry_manipulation,0.004650290103246135,0.007100765374029251,0.6492495493217226,0.0,15.139,4.109999999999989,0.1,33.0,11,4,10.0
1790515283600000,331,1,4.0,19.1343442,72.914177,44.807,-6.47,1.47,-3.04,282.79,3.0,19.1343442,72.914177,30.049,6.63,12.0,0.17616388944076583,0.002118903071464766,4.935708517665855,30.0,12.4,80.0,0,0,0,attack,telemetry_manipulation,0.004036184195564951,0.006074115008314335,0.6594530772096217,0.0,14.758000000000003,0.7799999999999789,0.1,33.09999990463257,11,4,10.0
1790515283700000,332,1,4.0,19.1343453,72.9141707,45.546,-6.59,1.31,-2.82,281.25,3.0,19.1343453,72.9141707,30.049,6.72,12.0,0.1709389067699676,0.0016619455174046852,4.908852824780579,30.0,12.4,80.0,0,0,0,attack,telemetry_manipulation,0.0011391315692087511,0.0016928832755587519,0.6730334685002474,0.0,15.497,10.209999999999972,0.1,33.200000047683716,11,4,10.0
1790515283800000,333,1,4.0,19.1343464,72.9141643,45.179,-6.71,1.17,-3.23,279.9,3.0,19.1343464,72.9141643,30.047,6.81,12.0,0.2195179469002289,0.0025144418790176916,4.885272370655018,30.0,12.4,80.0,0,0,0,attack,telemetry_manipulation,0.002242291611243563,0.0032872195936247575,0.683366362541056,0.0,15.132000000000001,0.4399999999999733,0.1,33.299999952316284,11,4,10.0
1790515283900000,334,1,4.0,19.1343473,72.9141578,45.835,-6.81,1.04,-2.95,278.67,3.0,19.1343473,72.9141578,30.046,6.89,12.0,0.08510589721445545,-0.001893784531945678,4.86377611800572,30.0,12.4,80.0,0,0,0,attack,telemetry_manipulation,0.0012350111879273484,0.0017901424213037696,0.6901305039878151,0.0,15.789000000000001,9.509999999999987,0.1,33.40000009536743,11,3,10.0
1790515284000000,335,1,4.0,19.1343481,72.9141512,45.255,-6.92,0.91,-2.92,277.5,3.0,19.1343481,72.9141512,30.045,6.98,12.0,0.07023745022707728,-0.0002219947725428122,4.843418560080321,30.0,12.4,80.0,0,0,0,attack,telemetry_manipulation,0.0010666911497849707,0.0015261168110786666,0.6990244262598703,0.0,15.21,2.879999999999983,0.1,33.5,11,4,10.0
1790515284100000,336,1,4.0,19.1343489,72.9141445,44.932,-7.0,0.8,-2.96,276.56,3.0,19.1343489,72.9141445,30.044,7.05,12.0,-0.15576838143179572,-0.0004936853912095638,4.8268847953154355,30.0,12.4,80.0,0,0,0,attack,telemetry_manipulation,0.004888844806064552,0.006929061139626629,0.7094454429584062,0.0,14.888000000000002,0.270000000000004,0.1,33.59999990463257,11,4,10.0
1790515284200000,337,1,4.0,19.1343495,72.9141378,44.479,-7.08,0.69,-2.86,275.61,3.0,19.1343495,72.9141378,30.043,7.11,12.0,-0.018709199550369898,0.0004324593042327178,4.810405999154511,30.0,12.4,80.0,0,0,0,attack,telemetry_manipulation,0.00435305093833227,0.006110794419536962,0.7070012911444304,0.0,14.436,1.6700000000000297,0.1,33.700000047683716,11,4,10.0
1790515284300000,338,1,4.0,19.13435,72.914131,45.258,-7.15,0.6,-2.84,274.82,3.0,19.13435,72.914131,30.043,7.17,12.0,0.2330420524411711,-0.003022734842576479,4.7966882496331715,30.0,12.4,80.0,0,0,0,attack,telemetry_manipulation,0.0010012670813871472,0.0013935266158003545,0.7165117990017332,0.0,15.215000000000003,10.630000000000035,0.1,33.799999952316284,11,4,10.0
1790515284400000,339,1,4.0,19.1343505,72.9141241,44.878,-7.22,0.5,-2.96,274.0,3.0,19.1343505,72.9141241,30.044,7.24,12.0,-0.12491304669890967,-0.0024495842718164178,4.782301194385765,30.0,12.4,80.0,0,0,0,attack,telemetry_manipulation,0.0032565181091341877,0.004493427295642326,0.7269857492446465,0.0,14.834,0.8400000000000256,0.1,33.90000009536743,11,3,10.0
1790515284500000,340,1,4.0,19.1343509,72.9141172,45.013,-7.29,0.41,-2.89,273.28,3.0,19.1343509,72.9141172,30.045,7.3,12.0,0.05480393605439982,0.001265378273099232,4.769725969534112,30.0,12.4,80.0,0,0,0,attack,telemetry_manipulation,0.003932040016585758,0.005377869180491288,0.7262199989451638,0.0,14.967999999999996,4.239999999999981,0.1,34.0,11,4,10.0
1790515284600000,341,1,4.0,19.1343512,72.9141102,44.19,-7.34,0.34,-3.22,272.65,3.0,19.1343512,72.9141102,30.045,7.35,12.0,-0.0702378355854424,-0.0006090535692700474,4.758658696075479,30.0,12.4,80.0,0,0,0,attack,telemetry_manipulation,0.0013310369846448733,0.0018089975836569905,0.7361180809640553,0.0,14.144999999999996,5.010000000000003,0.1,34.09999990463257,11,4,10.0
1790515284700000,342,1,4.0,19.1343514,72.9141031,45.446,-7.39,0.26,-2.98,272.05,3.0,19.1343514,72.9141031,30.046,7.4,12.0,0.07119096860183266,-0.0006280908143140426,4.7482518244072915,30.0,12.4,80.0,0,0,0,attack,telemetry_manipulation,0.006741244743115882,0.009104164885163612,0.7461984781244656,0.0,15.399999999999999,15.540000000000003,0.1,34.200000047683716,11,4,10.0
1790515284800000,343,1,4.0,19.1343516,72.914096,44.652,-7.45,0.19,-2.98,271.47,3.0,19.1343516,72.914096,30.047,7.45,12.0,-0.29127584676743173,0.000983365972225477,4.738205177147539,30.0,12.4,80.0,0,0,0,attack,telemetry_manipulation,0.0009562362180769446,0.0012814018875143905,0.7461984787137638,0.0,14.605,4.959999999999969,0.1,34.299999952316284,11,4,10.0
1790515284900000,344,1,4.0,19.1343517,72.9140889,45.15,-7.49,0.12,-2.88,270.96,3.0,19.1343517,72.9140889,30.047,7.49,12.0,-0.07263809904995117,7.430194880049408e-05,4.729258574611909,30.0,12.4,80.0,0,0,0,attack,telemetry_manipulation,0.0031462311802498144,0.004194437336708487,0.7459498908227947,0.0,15.102999999999998,7.8599999999999755,0.1,34.40000009536743,11,3,10.0
1790515285000000,345,1,4.0,19.1343518,72.9140817,45.373,-7.52,0.06,-3.07,270.51,3.0,19.1343518,72.9140817,30.048,7.52,12.0,0.07210621298791133,-0.0011417388062473274,4.721399177668381,30.0,12.4,80.0,0,0,0,attack,telemetry_manipulation,0.004429972100437496,0.0058829100774787845,0.7564539078897181,0.0,15.325,5.29999999999999,0.1,34.5,11,4,10.0
1790515285100000,346,1,4.0,19.1343518,72.9140745,45.007,-7.56,0.02,-2.99,270.15,3.0,19.1343518,72.9140745,30.048,7.56,12.0,0.27904306027011205,0.002098235664939229,4.715132493892268,30.0,12.4,80.0,0,0,0,attack,telemetry_manipulation,0.0003695324948159717,0.0004881521841616072,0.7563721779928327,0.0,14.959,0.6699999999999964,0.1,34.59999990463257,11,4,10.0
1790515285200000,347,1,4.0,19.1343518,72.9140673,45.313,-7.59,-0.02,-3.06,269.79,3.0,19.1343518,72.9140673,30.048,7.59,12.0,-0.3647443339533757,-0.0004683240615283626,4.708845967414923,30.0,12.4,80.0,0,0,0,attack,telemetry_manipulation,0.0026304570487065693,0.00346111569542492,0.7563721779928327,0.0,15.265000000000004,6.120000000000045,0.1,34.700000047683716,11,4,10.0
1790515285300000,348,1,4.0,19.1343517,72.91406,45.318,-7.63,-0.07,-2.92,269.43,3.0,19.1343517,72.91406,30.049,7.63,12.0,0.0748267291571862,-0.001878849941344413,4.702547527853206,30.0,12.4,80.0,0,0,0,attack,telemetry_manipulation,0.003925847985623787,0.005138328529967151,0.7669579574017348,0.0,15.268999999999998,2.9699999999999545,0.1,34.799999952316284,11,4,10.0
1790515285400000,349,1,4.0,19.1343516,72.9140527,30.05,-7.67,-0.11,0.01,269.1,3.0,19.1343516,72.9140527,30.05,7.67,12.0,0.05,-0.00032954539693714986,4.696817913001201,30.0,12.4,80.0,0,0,0,normal,none,0.00012091533403479904,0.00015742567335048417,0.7669579593587833,0.0,0.0,152.68999999999994,0.1,34.90000009536743,11,3,10.0
1790515285500000,350,1,4.0,19.1343514,72.9140454,30.052,-7.68,-0.15,0.01,268.86,3.0,19.1343514,72.9140454,30.052,7.68,12.0,0.05,-0.001698212333670654,4.692569860030128,30.0,12.4,80.0,0,0,0,normal,none,0.0009467311605942941,0.0012308853996200592,0.7671997392472311,0.0,0.0,0.009999999999988915,0.1,35.0,11,4,10.0
1790515285600000,351,1,4.0,19.1343513,72.9140381,30.053,-7.71,-0.18,0.01,268.6,3.0,19.1343513,72.9140381,30.053,7.71,12.0,0.05,0.0016848759241482334,4.688024713851458,30.0,12.4,80.0,0,0,0,normal,none,0.004252127356515478,0.005506438496461566,0.7669579607517768,0.0,0.0,1.2221126888256606e-14,0.1,35.09999990463257,11,4,10.0
1790515285700000,352,1,4.0,19.1343511,72.9140307,30.054,-7.73,-0.22,0.0,268.36,3.0,19.1343511,72.9140307,30.054,7.73,12.0,0.05,0.0015715526453817545,4.683788872329176,30.0,12.4,80.0,0,0,0,normal,none,0.004387553247574449,0.005666381983520943,0.7777005558538931,0.0,0.0,0.009999999999976694,0.1,35.200000047683716,11,4,10.0
1790515285800000,353,1,4.0,19.1343509,72.9140233,30.054,-7.75,-0.25,0.0,268.13,3.0,19.1343509,72.9140233,30.054,7.75,12.0,0.05,0.0008457941466184367,4.67981196185748,30.0,12.4,80.0,0,0,0,normal,none,0.002297435831449479,0.0029590759869670383,0.7777005567949906,0.0,0.0,0.0,0.1,35.299999952316284,11,4,10.0
1790515285900000,354,1,4.0,19.1343506,72.9140159,30.054,-7.77,-0.27,0.0,267.97,3.0,19.1343506,72.9140159,30.054,7.77,12.0,0.05,-0.0007789262632917738,4.67697206878456,30.0,12.4,80.0,0,0,0,normal,none,0.000628950019362251,0.0008079320348571114,0.77809792046127,0.0,0.0,0.0,0.1,35.40000009536743,11,3,10.0
1790515286000000,355,1,4.0,19.1343503,72.9140085,30.055,-7.79,-0.3,0.0,267.72,3.0,19.1343503,72.9140085,30.055,7.79,12.0,0.05,-0.0009195534101883894,4.6727536543143,30.0,12.4,80.0,0,0,0,normal,none,0.0014795277760097925,0.0018954272592381367,0.7780979218721955,0.0,0.0,0.010000000000012221,0.1,35.5,11,4,10.0
1790515286100000,356,1,4.0,19.13435,72.9140011,30.056,-7.8,-0.32,0.0,267.58,3.0,19.13435,72.9140011,30.056,7.81,12.0,0.05,0.00035502706768735106,4.670247666386011,30.0,12.4,80.0,0,0,0,normal,none,0.002558211003928723,0.003272808709244089,0.7780979232831209,0.0,0.0,0.010000000000012221,0.1,35.59999990463257,11,4,10.0
1790515286200000,357,1,4.0,19.1343497,72.9139936,30.057,-7.81,-0.35,0.01,267.41,3.0,19.1343497,72.9139936,30.057,7.82,12.0,0.05,-0.0020713953677588275,4.667242336303057,30.0,12.4,80.0,0,0,0,normal,none,0.006809705699216795,0.00869934354563356,0.7885935632966988,0.0,0.0,2.3306009899748403e-14,0.1,35.700000047683716,11,4,10.0
1790515286300000,358,1,4.0,19.1343494,72.9139862,30.058,-7.82,-0.38,0.01,267.2,3.0,19.1343494,72.9139862,30.058,7.83,12.0,0.05,0.0009806912598837956,4.663660677785978,30.0,12.4,80.0,0,0,0,normal,none,0.004824803160183855,0.0061546922675741215,0.7780979261049717,0.0,0.0,1.2221126888256606e-14,0.1,35.799999952316284,11,4,10.0
1790515286400000,359,1,4.0,19.134349,72.9139787,30.059,-7.82,-0.39,0.0,267.07,3.0,19.134349,72.9139787,30.059,7.83,12.0,0.05,0.0012524173847233346,4.661369845364163,30.0,12.4,80.0,0,0,0,normal,none,0.0061702363268217875,0.007870481464540566,0.7891421387601084,0.0,0.0,0.010000000000012221,0.1,35.90000009536743,11,3,10.0
1790515286500000,360,1,4.0,19.1343486,72.9139713,30.06,-7.84,-0.41,0.0,266.99,3.0,19.1343486,72.9139713,30.06,7.85,12.0,0.05,-0.0002333002157999889,4.659855123698313,30.0,12.4,80.0,0,0,0,normal,none,0.00641743799220007,0.008163938451719125,0.7786538963462791,0.0,0.0,0.009999999999976694,0.1,36.0,11,4,10.0
1790515286600000,361,1,4.0,19.1343482,72.9139638,30.061,-7.85,-0.43,0.01,266.8,3.0,19.1343482,72.9139638,30.061,7.86,12.0,0.05,-0.002203005460401179,4.6566542960345165,30.0,12.4,80.0,0,0,0,normal,none,0.0029653176548578575,0.003767028653642271,0.7891421425485964,0.0,0.0,1.2221126888256606e-14,0.1,36.09999990463257,11,4,10.0
1790515286700000,362,1,4.0,19.1343478,72.9139563,30.062,-7.86,-0.44,0.0,266.73,3.0,19.1343478,72.9139563,30.062,7.88,12.0,0.05,0.002921706245475873,4.655479220234549,30.0,12.4,80.0,0,0,0,normal,none,0.0019115571301526746,0.0024251242684886092,0.78914214596674,0.0,0.0,0.010000000000012221,0.1,36.200000047683716,11,4,10.0
1790515286800000,363,1,4.0,19.1343474,72.9139488,30.063,-7.88,-0.46,0.0,266.6,3.0,19.1343474,72.9139488,30.063,7.89,12.0,0.05,-0.0009955464201324832,4.653154360464804,30.0,12.4,80.0,0,0,0,normal,none,0.00019935132390869192,0.0002522344132092743,0.7891421463816155,0.0,0.0,0.009999999999976694,0.1,36.299999952316284,11,4,10.0
1790515286900000,364,1,4.0,19.134347,72.9139413,30.064,-7.89,-0.47,0.01,266.53,3.0,19.134347,72.9139413,30.064,7.9,12.0,0.05,-0.002265796676081683,4.651918063077358,30.0,12.4,80.0,0,0,0,normal,none,0.001256485337331248,0.0015876769101967536,0.7891421482647266,0.0,0.0,1.2221126888256606e-14,0.1,36.40000009536743,11,3,10.0
1790515287000000,365,1,4.0,19.1343465,72.9139338,30.065,-7.89,-0.49,0.01,266.41,3.0,19.1343465,72.9139338,30.065,7.91,12.0,0.05,0.0010761787382372683,4.649824757878541,30.0,12.4,80.0,0,0,0,normal,none,0.0006731826384963613,0.0008504934414547456,0.7898468993328601,0.0,0.0,1.2221126888256606e-14,0.1,36.5,11,4,10.0
1790515287100000,366,1,4.0,19.1343461,72.9139263,30.067,-7.9,-0.5,0.01,266.36,3.0,19.1343461,72.9139263,30.067,7.92,12.0,0.05,-0.0005562008034007269,4.649027644098701,30.0,12.4,80.0,0,0,0,normal,none,0.002438544512442631,0.0030767144864952425,0.7891421525740895,0.0,0.0,0.009999999999988915,0.1,36.59999990463257,11,4,10.0
1790515287200000,367,1,4.0,19.1343456,72.9139187,30.067,-7.91,-0.51,0.0,266.25,3.0,19.1343456,72.9139187,30.067,7.92,12.0,0.05,0.003922714890479307,4.64703574225505,30.0,12.4,80.0,0,0,0,normal,none,0.00768394018370222,0.009681866828949488,0.8003263564093291,0.0,0.0,0.0,0.1,36.700000047683716,11,4,10.0
1790515287300000,368,1,4.0,19.1343452,72.9139112,30.066,-7.91,-0.52,0.0,266.17,3.0,19.1343452,72.9139112,30.066,7.93,12.0,0.05,0.0017352613043629596,4.6456857982417885,30.0,12.4,80.0,0,0,0,normal,none,0.003565229253008728,0.004491868559348113,0.7891421568611867,0.0,0.0,0.010000000000012221,0.1,36.799999952316284,11,4,10.0
1790515287400000,369,1,4.0,19.1343447,72.9139036,30.066,-7.92,-0.53,0.0,266.1,3.0,19.1343447,72.9139036,30.066,7.94,12.0,0.05,-0.0011051167465524622,4.644429556624152,30.0,12.4,80.0,0,0,0,normal,none,0.006554983085113375,0.0082476335576812,0.8003263607499924,0.0,0.0,0.0,0.1,36.90000009536743,11,3,10.0
1790515287500000,370,1,4.0,19.1343442,72.9138961,30.066,-7.94,-0.55,0.0,266.03,3.0,19.1343442,72.9138961,30.066,7.96,12.0,0.05,-0.0011846692978529157,4.643245541963785,30.0,12.4,80.0,0,0,0,normal,none,0.006055723473857744,0.007599075757683386,0.7898469087620208,0.0,0.0,0.0,0.1,37.0,11,4,10.0
1790515287600000,371,1,4.0,19.1343437,72.9138885,30.067,-7.95,-0.55,0.0,265.98,3.0,19.1343437,72.9138885,30.067,7.97,12.0,0.05,0.00024298767085375694,4.6423682547666365,30.0,12.4,80.0,0,0,0,normal,none,0.0034261209022264927,0.004293921357954384,0.8003263656003945,0.0,0.0,0.010000000000012221,0.1,37.09999990463257,11,4,10.0
1790515287700000,372,1,4.0,19.1343432,72.9138809,30.067,-7.95,-0.55,0.0,266.0,3.0,19.1343432,72.9138809,30.067,7.97,12.0,0.05,0.0003168741892795159,4.642692266545569,30.0,12.4,80.0,0,0,0,normal,none,0.0034261232862627944,0.004293924345842052,0.8003263679844308,0.0,0.0,0.0,0.1,37.200000047683716,11,4,10.0
1790515287800000,373,1,4.0,19.1343427,72.9138733,30.067,-7.96,-0.56,0.0,265.94,3.0,19.1343427,72.9138733,30.067,7.98,12.0,0.05,0.00018966819521224195,4.641596180203849,30.0,12.4,80.0,0,0,0,normal,none,0.002358951025435929,0.002952499654731436,0.8003263689066424,0.0,0.0,0.0,0.1,37.299999952316284,11,4,10.0
1790515287900000,374,1,4.0,19.1343421,72.9138658,30.066,-7.96,-0.57,0.0,265.84,3.0,19.1343421,72.9138658,30.066,7.98,12.0,0.05,0.0014735162224820016,4.639909457586528,30.0,12.4,80.0,0,0,0,normal,none,0.007330794779265348,0.00917452331955248,0.7907074248568621,0.0,0.0,0.010000000000012221,0.1,37.40000009536743,11,3,10.0
1790515288000000,375,1,4.0,19.1343416,72.9138582,30.066,-7.97,-0.57,0.0,265.87,3.0,19.1343416,72.9138582,30.066,7.99,12.0,0.05,0.0010941254623582934,4.640323988506069,30.0,12.4,80.0,0,0,0,normal,none,0.0012907054485153946,0.0016133098796284541,0.8003263742393397,0.0,0.0,0.0,0.1,37.5,11,4,10.0
1790515288100000,376,1,4.0,19.1343411,72.9138506,30.065,-7.97,-0.58,0.0,265.78,3.0,19.1343411,72.9138506,30.065,7.99,12.0,0.05,-0.0020229170550796305,4.638816121877207,30.0,12.4,80.0,0,0,0,normal,none,0.001218750818297254,0.001523233595983326,0.8003263781126436,0.0,0.0,0.009999999999976694,0.1,37.59999990463257,11,4,10.0
1790515288200000,377,1,4.0,19.1343406,72.913843,30.066,-7.97,-0.58,0.0,265.78,3.0,19.1343406,72.913843,30.066,7.99,12.0,0.05,-0.0005211772203698586,4.638746255605878,30.0,12.4,80.0,0,0,0,normal,none,0.0012187532297763815,0.0015232366099267572,0.8003263805241227,0.0,0.0,0.009999999999976694,0.1,37.700000047683716,11,4,10.0
1790515288300000,378,1,4.0,19.13434,72.9138354,30.065,-7.97,-0.59,0.0,265.75,3.0,19.13434,72.9138354,30.065,7.99,12.0,0.05,0.0017554706547316479,4.638351502854926,30.0,12.4,80.0,0,0,0,normal,none,0.0019948020148183865,0.0024929390189468706,0.8011756326157532,0.0,0.0,0.009999999999976694,0.1,37.799999952316284,11,4,10.0
1790515288400000,379,1,4.0,19.1343395,72.9138278,30.066,-7.97,-0.58,0.0,265.76,3.0,19.1343395,72.9138278,30.066,7.99,12.0,0.05,-0.003851978649163956,4.638545087698615,30.0,12.4,80.0,0,0,0,normal,none,0.001218757073205512,0.0015232414135669169,0.8003263843675519,0.0,0.0,0.009999999999976694,0.1,37.90000009536743,11,3,10.0
1790515288500000,380,1,4.0,19.134339,72.9138202,30.067,-7.97,-0.58,0.01,265.78,3.0,19.134339,72.9138202,30.067,7.99,12.0,0.05,-0.0009171293040673369,4.638800269409082,30.0,12.4,80.0,0,0,0,normal,none,0.0012187609465089677,0.0015232462545449598,0.8003263882408553,0.0,0.0,1.2221126888256606e-14,0.1,38.0,11,4,10.0
1790515288600000,381,1,4.0,19.1343384,72.9138126,30.068,-7.98,-0.59,0.01,265.76,3.0,19.1343384,72.9138126,30.068,8.0,12.0,0.05,-0.0015740941783235571,4.638421257185011,30.0,12.4,80.0,0,0,0,normal,none,0.0009975351502141683,0.0012450853858486423,0.801175640324306,0.0,0.0,1.2221126888256606e-14,0.1,38.09999990463257,11,4,10.0
1790515288700000,382,1,4.0,19.1343379,72.913805,30.069,-7.98,-0.59,0.01,265.74,3.0,19.1343379,72.913805,30.069,8.0,12.0,0.05,0.0008928441781260936,4.638164079514344,30.0,12.4,80.0,0,0,0,normal,none,0.00014828839946001704,0.00018508793301059412,0.8003263935735518,0.0,0.0,2.3306009899748403e-14,0.1,38.200000047683716,11,4,10.0
1790515288800000,383,1,4.0,19.1343374,72.9137974,30.071,-7.98,-0.6,0.01,265.68,3.0,19.1343374,72.9137974,30.071,8.0,12.0,0.05,0.0004445559900224235,4.637146275698788,30.0,12.4,80.0,0,0,0,normal,none,7.39343034037443e-05,9.22734182788368e-05,0.8003263944683195,0.0,0.0,0.010000000000024442,0.1,38.299999952316284,11,4,10.0
1790515288900000,384,1,4.0,19.1343368,72.9137898,30.071,-7.97,-0.6,0.0,265.64,3.0,19.1343368,72.9137898,30.071,8.0,12.0,0.05,0.0018181616587837211,4.636317222663935,30.0,12.4,80.0,0,0,0,normal,none,0.0019203696643006474,0.0023996963421667327,0.801175648032858,0.0,0.0,0.0,0.1,38.40000009536743,11,3,10.0
1790515289000000,385,1,4.0,19.1343363,72.9137822,30.071,-7.97,-0.61,0.0,265.6,3.0,19.1343363,72.9137822,30.071,8.0,12.0,0.05,0.0003552813622400101,4.6356005320653235,30.0,12.4,80.0,0,0,0,normal,none,0.0009954310133447608,0.001243774201358776,0.8003264012628404,0.0,0.0,0.0,0.1,38.5,11,4,10.0
1790515289100000,386,1,4.0,19.1343357,72.9137746,30.072,-7.98,-0.61,0.0,265.61,3.0,19.1343357,72.9137746,30.072,8.0,12.0,0.05,-2.7424162200297078e-05,4.635841685444391,30.0,12.4,80.0,0,0,0,normal,none,0.0008475955961610993,0.0010577385728330474,0.8011756533324871,0.0,0.0,0.009999999999976694,0.1,38.59999990463257,11,4,10.0
1790515289200000,387,1,4.0,19.1343352,72.913767,30.072,-7.98,-0.6,0.0,265.64,3.0,19.1343352,72.913767,30.072,8.01,12.0,0.05,0.0016684942553186765,4.636436241396069,30.0,12.4,80.0,0,0,0,normal,none,7.394494135237739e-05,9.22866949290338e-05,0.8003264051062682,0.0,0.0,0.0,0.1,38.700000047683716,11,4,10.0
1790515289300000,388,1,4.0,19.1343346,72.9137594,30.071,-7.98,-0.6,0.0,265.66,3.0,19.1343346,72.9137594,30.071,8.01,12.0,0.05,0.0014748786361862317,4.636732858295393,30.0,12.4,80.0,0,0,0,normal,none,0.0009231984672002369,0.0011521942372697638,0.801175658632116,0.0,0.0,0.009999999999976694,0.1,38.799999952316284,11,4,10.0
1790515289400000,389,1,4.0,19.1343341,72.9137518,30.069,-7.97,-0.62,-0.02,265.54,3.0,19.1343341,72.9137518,30.069,8.0,12.0,0.05,0.0045570579378681544,4.634717619954803,30.0,12.4,80.0,0,0,0,normal,none,0.000918505982991924,0.0011475473645780666,0.8003264118733452,0.0,0.0,2.4442253776513212e-14,0.1,38.90000009536743,11,3,10.0
1790515289500000,390,1,4.0,19.1343335,72.9137442,30.067,-7.97,-0.63,-0.02,265.48,3.0,19.1343335,72.9137442,30.067,8.0,12.0,0.05,-0.0003673472190292186,4.633506866669971,30.0,12.4,80.0,0,0,0,normal,none,0.0016895789996801414,0.0021106912805655235,0.8011756639317446,0.0,0.0,1.1084883011491797e-14,0.1,39.0,11,4,10.0
1790515289600000,391,1,4.0,19.1343329,72.9137366,30.065,-7.98,-0.63,-0.01,265.46,3.0,19.1343329,72.9137366,30.065,8.0,12.0,0.05,-0.0006586073506186134,4.6331529658176045,30.0,12.4,80.0,0,0,0,normal,none,0.000692687615522436,0.0008642574246652796,0.801175666822451,0.0,0.0,0.009999999999988915,0.1,39.09999990463257,11,4,10.0
1790515289700000,392,1,4.0,19.1343324,72.913729,30.063,-7.97,-0.63,-0.01,265.44,3.0,19.1343324,72.913729,30.063,8.0,12.0,0.05,0.0005618321830891012,4.63280844310237,30.0,12.4,80.0,0,0,0,normal,none,0.0008403336510387494,0.0010497792114775696,0.8003264185831032,0.0,0.0,0.010000000000024442,0.1,39.200000047683716,11,4,10.0
1790515289800000,393,1,4.0,19.1343318,72.9137214,30.062,-7.97,-0.64,-0.01,265.4,3.0,19.1343318,72.9137214,30.062,8.0,12.0,0.05,-0.0020181540096384583,4.632237021286492,30.0,12.4,80.0,0,0,0,normal,none,0.0016101651450748378,0.002011284686856892,0.8011756721549759,0.0,0.0,2.3306009899748403e-14,0.1,39.299999952316284,11,4,10.0
1790515289900000,394,1,4.0,19.1343312,72.9137138,30.061,-7.98,-0.64,-0.01,265.41,3.0,19.1343312,72.9137138,30.061,8.01,12.0,0.05,-0.0005551411089198559,4.632351352550879,30.0,12.4,80.0,0,0,0,normal,none,0.0006133726277678386,0.0007652214006856015,0.8011756750127852,0.0,0.0,1.2221126888256606e-14,0.1,39.40000009536743,11,3,10.0
1790515290000000,395,1,4.0,19.1343306,72.9137062,30.06,-7.99,-0.63,0.0,265.42,3.0,19.1343306,72.9137062,30.06,8.01,12.0,0.05,-0.0017351268445333658,4.632516650838215,30.0,12.4,80.0,0,0,0,normal,none,0.00030420331624358976,0.0003790790565131849,0.8011756779034912,0.0,0.0,0.010000000000012221,0.1,39.5,11,4,10.0
1790515290100000,396,1,4.0,19.1343301,72.9136986,30.06,-7.99,-0.63,0.0,265.44,3.0,19.1343301,72.9136986,30.06,8.01,12.0,0.05,0.00024774319579429894,4.632809009179411,30.0,12.4,80.0,0,0,0,normal,none,0.0011534515438332837,0.0014373588308283656,0.8003264296759015,0.0,0.0,0.0,0.1,39.59999990463257,11,4,10.0
1790515290200000,397,1,4.0,19.1343295,72.913691,30.059,-7.98,-0.63,0.0,265.46,3.0,19.1343295,72.913691,30.059,8.01,12.0,0.05,0.00038256526084046806,4.6331672590816835,30.0,12.4,80.0,0,0,0,normal,none,0.0006927039961901471,0.000864277862613603,0.8011756832031187,0.0,0.0,0.009999999999976694,0.1,39.700000047683716,11,4,10.0
1790515290300000,398,1,4.0,19.1343289,72.9136834,30.058,-7.98,-0.64,0.0,265.39,3.0,19.1343289,72.9136834,30.058,8.01,12.0,0.05,-5.55791942580429e-05,4.631974727744721,30.0,12.4,80.0,0,0,0,normal,none,0.000613383708807147,0.0007652352249875621,0.8011756860938245,0.0,0.0,0.010000000000012221,0.1,39.799999952316284,11,4,10.0
1790515290400000,399,1,4.0,19.1343283,72.9136758,30.057,-7.99,-0.64,-0.01,265.37,3.0,19.1343283,72.9136758,30.057,8.01,12.0,0.05,0.0011493525189928125,4.6317034273450854,30.0,12.4,80.0,0,0,0,normal,none,0.0003834167587705162,0.0004777427058352414,0.8011756889845303,0.0,0.0,1.2221126888256606e-14,0.1,39.90000009536743,11,3,10.0
1790515290500000,400,1,4.0,19.1343277,72.9136682,30.057,-7.98,-0.64,0.0,265.35,3.0,19.1343277,72.9136682,30.057,8.01,12.0,0.05,-0.0028343491335176244,4.631339115647085,30.0,12.4,80.0,0,0,0,normal,none,0.0006133880025291916,0.0007652405816791527,0.8011756903875465,0.0,0.0,0.0,0.1,40.0,11,4,10.0
1790515290600000,401,1,4.0,19.1343272,72.9136606,30.055,-7.99,-0.65,-0.01,265.31,3.0,19.1343272,72.9136606,30.055,8.01,12.0,0.05,0.0034385363195945768,4.630648205324559,30.0,12.4,80.0,0,0,0,normal,none,0.0013131247298875381,0.00163600796566907,0.8003264451517396,0.0,0.0,0.009999999999988915,0.1,40.09999990463257,11,4,10.0
1790515290700000,402,1,4.0,19.1343266,72.913653,30.054,-7.98,-0.65,0.0,265.3,3.0,19.1343266,72.913653,30.054,8.01,12.0,0.05,-0.001214107178387961,4.630447253525933,30.0,12.4,80.0,0,0,0,normal,none,0.0005328304733599465,0.0006646731300090887,0.8011756971748626,0.0,0.0,0.010000000000012221,0.1,40.200000047683716,11,4,10.0
1790515290800000,403,1,4.0,19.134326,72.9136454,30.053,-7.98,-0.65,-0.01,265.33,3.0,19.134326,72.9136454,30.053,8.0,12.0,0.05,0.0014740201181899198,4.630904579468527,30.0,12.4,80.0,0,0,0,normal,none,0.0005328333640652883,0.0006646767359855926,0.8011757000655679,0.0,0.0,2.3306009899748403e-14,0.1,40.299999952316284,11,4,10.0
1790515290900000,404,1,4.0,19.1343254,72.9136378,30.051,-7.98,-0.65,-0.01,265.31,3.0,19.1343254,72.9136378,30.051,8.01,12.0,0.05,0.001332562549137159,4.630689373562685,30.0,12.4,80.0,0,0,0,normal,none,0.0005328347670812139,0.0006646784861613678,0.8011757014685839,0.0,0.0,0.010000000000024442,0.1,40.40000009536743,11,3,10.0
1790515291000000,405,1,4.0,19.1343248,72.9136302,30.05,-7.98,-0.65,-0.01,265.3,3.0,19.1343248,72.9136302,30.05,8.01,12.0,0.05,-0.0012650271833273676,4.630498959871918,30.0,12.4,80.0,0,0,0,normal,none,0.0005328391454757497,0.0006646839479383232,0.8011757058469784,0.0,0.0,2.3306009899748403e-14,0.1,40.5,11,4,10.0
1790515291100000,406,1,4.0,19.1343242,72.9136226,30.049,-7.98,-0.66,-0.01,265.24,3.0,19.1343242,72.9136226,30.049,8.01,12.0,0.05,-0.00111710533357245,4.629393100218131,30.0,12.4,80.0,0,0,0,normal,none,0.0004510369888248711,0.00056258339639528,0.8011757087705804,0.0,0.0,1.2221126888256606e-14,0.1,40.59999990463257,11,4,10.0
1790515291200000,407,1,4.0,19.1343236,72.913615,30.047,-7.97,-0.66,-0.01,265.26,3.0,19.1343236,72.913615,30.047,8.0,12.0,0.05,0.002406556473385243,4.629771329022425,30.0,12.4,80.0,0,0,0,normal,none,0.0014476328416048734,0.0018078956888813516,0.8011757116283885,0.0,0.0,0.009999999999988915,0.1,40.700000047683716,11,4,10.0
1790515291300000,408,1,4.0,19.134323,72.9136074,30.045,-7.98,-0.65,-0.01,265.33,3.0,19.134323,72.9136074,30.045,8.0,12.0,0.05,2.9088329060867805e-05,4.630929389979951,30.0,12.4,80.0,0,0,0,normal,none,0.0005328463299015818,0.0006646929100661365,0.8011757130314042,0.0,0.0,0.009999999999988915,0.1,40.799999952316284,11,4,10.0
1790515291400000,409,1,4.0,19.1343224,72.9135998,30.044,-7.98,-0.65,-0.01,265.31,3.0,19.1343224,72.9135998,30.044,8.0,12.0,0.05,-0.0017048720663677662,4.630559863718886,30.0,12.4,80.0,0,0,0,normal,none,0.0005328507082957845,0.0006646983718426765,0.8011757174097984,0.0,0.0,1.2221126888256606e-14,0.1,40.90000009536743,11,3,10.0
1790515291500000,410,1,4.0,19.1343218,72.9135922,30.042,-7.97,-0.66,-0.01,265.26,3.0,19.1343218,72.9135922,30.042,8.0,12.0,0.05,0.0007221080625807762,4.629817915452226,30.0,12.4,80.0,0,0,0,normal,none,0.0014476415137195664,0.0018079065191680902,0.8011757203005032,0.0,0.0,0.009999999999988915,0.1,41.0,11,4,10.0
1790515291600000,411,1,4.0,19.1343213,72.9135846,30.041,-7.98,-0.66,-0.01,265.25,3.0,19.1343213,72.9135846,30.041,8.0,12.0,0.05,-0.001244912464773199,4.629619837830204,30.0,12.4,80.0,0,0,0,normal,none,0.0003981981745866392,0.0004966769623063767,0.8003264736071689,0.0,0.0,1.2221126888256606e-14,0.1,41.09999990463257,11,4,10.0
1790515291700000,412,1,4.0,19.1343207,72.913577,30.041,-7.98,-0.66,0.0,265.25,3.0,19.1343207,72.913577,30.041,8.01,12.0,0.05,-0.0025176163661099933,4.629499317559799,30.0,12.4,80.0,0,0,0,normal,none,0.0004510523306834324,0.000562602532464184,0.801175724112439,0.0,0.0,0.0,0.1,41.200000047683716,11,4,10.0
1790515291800000,413,1,4.0,19.1343201,72.9135694,30.041,-7.97,-0.65,0.0,265.32,3.0,19.1343201,72.9135694,30.041,8.0,12.0,0.05,-0.00043047720660502944,4.630708463520144,30.0,12.4,80.0,0,0,0,normal,none,0.001529556737350335,0.0019104028612295452,0.8011757284908329,0.0,0.0,0.0,0.1,41.299999952316284,11,4,10.0
1790515291900000,414,1,4.0,19.1343195,72.9135618,30.04,-7.97,-0.65,0.0,265.28,3.0,19.1343195,72.9135618,30.04,7.99,12.0,0.05,0.0013226486946796897,4.630183303632736,30.0,12.4,80.0,0,0,0,normal,none,0.0015295596280547885,0.0019104064716938872,0.8011757313815373,0.0,0.0,0.010000000000012221,0.1,41.40000009536743,11,3,10.0
1790515292000000,415,1,4.0,19.1343189,72.9135542,30.04,-7.97,-0.65,0.0,265.31,3.0,19.1343189,72.9135542,30.04,8.0,12.0,0.05,-0.0009522521191744413,4.630629700837303,30.0,12.4,80.0,0,0,0,normal,none,0.00152956251875902,0.0019104100821579516,0.8011757342722415,0.0,0.0,0.0,0.1,41.5,11,4,10.0
1790515292100000,416,1,4.0,19.1343183,72.9135466,30.039,-7.97,-0.65,0.0,265.3,3.0,19.1343183,72.9135466,30.039,8.0,12.0,0.05,0.0008100627468912645,4.630419573555985,30.0,12.4,80.0,0,0,0,normal,none,0.0015295639217739465,0.0019104118345112083,0.8011757356752565,0.0,0.0,0.009999999999976694,0.1,41.59999990463257,11,4,10.0
1790515292200000,417,1,4.0,19.1343177,72.9135391,30.039,-7.96,-0.65,0.0,265.26,3.0,19.1343177,72.9135391,30.039,7.99,12.0,0.05,-0.00014850891773922077,4.629785976682427,30.0,12.4,80.0,0,0,0,normal,none,0.007941944213729624,0.009931781814441381,0.7907075408546577,0.0,0.0,0.0,0.1,41.700000047683716,11,4,10.0
1790515292300000,418,1,4.0,19.1343171,72.9135315,30.038,-7.96,-0.65,0.0,265.28,3.0,19.1343171,72.9135315,30.038,7.99,12.0,0.05,-0.0004424524658675042,4.630155650356458,30.0,12.4,80.0,0,0,0,normal,none,0.0025262563882774147,0.003159204670858214,0.8011757414566647,0.0,0.0,0.010000000000012221,0.1,41.799999952316284,11,4,10.0
1790515292400000,419,1,4.0,19.1343165,72.9135239,30.038,-7.96,-0.65,0.0,265.3,3.0,19.1343165,72.9135239,30.038,7.98,12.0,0.05,0.00043093333110604627,4.6304978035845465,30.0,12.4,80.0,0,0,0,normal,none,0.0025262607666708403,0.0031592101462490038,0.8011757458350581,0.0,0.0,0.0,0.1,41.90000009536743,11,3,10.0
1790515292500000,420,1,4.0,19.1343159,72.9135163,30.037,-7.97,-0.66,0.0,265.24,3.0,19.1343159,72.9135163,30.037,7.99,12.0,0.05,-0.00021763406699765053,4.629465440649114,30.0,12.4,80.0,0,0,0,normal,none,0.0014476699389783798,0.0018079420184337791,0.801175748725762,0.0,0.0,0.010000000000012221,0.1,42.0,11,4,10.0
1790515292600000,421,1,4.0,19.1343153,72.9135087,30.037,-7.97,-0.65,0.0,265.32,3.0,19.1343153,72.9135087,30.037,7.99,12.0,0.05,1.7864089289218782e-06,4.63074422567693,30.0,12.4,80.0,0,0,0,normal,none,0.00152957986298341,0.001910431744941091,0.8011757516164659,0.0,0.0,0.0,0.1,42.09999990463257,11,4,10.0
1790515292700000,422,1,4.0,19.1343148,72.9135011,30.037,-7.96,-0.65,0.0,265.28,3.0,19.1343148,72.9135011,30.037,7.98,12.0,0.05,-0.0019870173354133505,4.6301461229313725,30.0,12.4,80.0,0,0,0,normal,none,0.0016770184261487575,0.0020971919040319725,0.800326503494536,0.0,0.0,0.0,0.1,42.200000047683716,11,4,10.0
1790515292800000,423,1,4.0,19.1343142,72.9134936,30.037,-7.96,-0.64,0.0,265.34,3.0,19.1343142,72.9134936,30.037,7.98,12.0,0.05,0.001679406805767351,4.631058369233061,30.0,12.4,80.0,0,0,0,normal,none,0.007861162154171986,0.009831752995082495,0.790707557493674,0.0,0.0,0.0,0.1,42.299999952316284,11,4,10.0
1790515292900000,424,1,4.0,19.1343136,72.913486,30.037,-7.96,-0.65,0.0,265.32,3.0,19.1343136,72.913486,30.037,7.99,12.0,0.05,-0.002057817298233243,4.630782855424931,30.0,12.4,80.0,0,0,0,normal,none,0.0025262732507161934,0.0031592257581459487,0.8011757583191035,0.0,0.0,0.0,0.1,42.40000009536743,11,3,10.0
1790515293000000,425,1,4.0,19.134313,72.9134784,30.037,-7.96,-0.64,0.0,265.37,3.0,19.134313,72.9134784,30.037,7.98,12.0,0.05,0.002100499112437128,4.631587557419848,30.0,12.4,80.0,0,0,0,normal,none,0.002607043049650204,0.0032605615822470188,0.8011757626974962,0.0,0.0,0.0,0.1,42.5,11,4,10.0
1790515293100000,426,1,4.0,19.1343124,72.9134708,30.036,-7.95,-0.63,0.0,265.4,3.0,19.1343124,72.9134708,30.036,7.98,12.0,0.05,0.0012205908505269062,4.632263924639563,30.0,12.4,80.0,0,0,0,normal,none,0.0036834458759656963,0.004613001008316725,0.8011757655881997,0.0,0.0,0.009999999999976694,0.1,42.59999990463257,11,4,10.0
1790515293200000,427,1,4.0,19.1343119,72.9134632,30.036,-7.96,-0.63,0.0,265.4,3.0,19.1343119,72.9134632,30.036,7.98,12.0,0.05,-0.0006567163537863588,4.632176395897425,30.0,12.4,80.0,0,0,0,normal,none,0.0018373205187963704,0.0022981180013662717,0.8003265189429204,0.0,0.0,0.0,0.1,42.700000047683716,11,4,10.0
1790515293300000,428,1,4.0,19.1343113,72.9134557,30.034,-7.96,-0.63,-0.01,265.42,3.0,19.1343113,72.9134557,30.034,7.98,12.0,0.05,0.0020621754219986737,4.632490732361726,30.0,12.4,80.0,0,0,0,normal,none,0.007781628631389648,0.009733250488847184,0.7907075697927344,0.0,0.0,0.010000000000024442,0.1,42.799999952316284,11,4,10.0
1790515293400000,429,1,4.0,19.1343107,72.9134481,30.034,-7.95,-0.63,0.0,265.45,3.0,19.1343107,72.9134481,30.034,7.98,12.0,0.05,-0.0012541834566941617,4.633044180051738,30.0,12.4,80.0,0,0,0,normal,none,0.0036834540662915582,0.004613011265554847,0.8011757737785256,0.0,0.0,0.0,0.1,42.90000009536743,11,3,10.0
1790515293500000,430,1,4.0,19.1343101,72.9134405,30.032,-7.96,-0.62,-0.01,265.48,3.0,19.1343101,72.9134405,30.032,7.98,12.0,0.05,0.0019237647391595388,4.63352251586912,30.0,12.4,80.0,0,0,0,normal,none,0.002764854900243807,0.003458615369083986,0.8011757766692287,0.0,0.0,0.009999999999988915,0.1,43.0,11,4,10.0
1790515293600000,431,1,4.0,19.1343096,72.9134329,30.031,-7.95,-0.63,-0.01,265.41,3.0,19.1343096,72.9134329,30.031,7.98,12.0,0.05,0.00038442087797424426,4.632436179299216,30.0,12.4,80.0,0,0,0,normal,none,0.002834208834205265,0.003549450338140605,0.8003265285464393,0.0,0.0,1.2221126888256606e-14,0.1,43.09999990463257,11,4,10.0
1790515293700000,432,1,4.0,19.134309,72.9134254,30.028,-7.95,-0.64,-0.02,265.37,3.0,19.134309,72.9134254,30.028,7.98,12.0,0.05,0.002971506551834461,4.631589955844065,30.0,12.4,80.0,0,0,0,normal,none,0.006864358081070665,0.008595791730728159,0.7907075822478253,0.0,0.0,0.010000000000001136,0.1,43.200000047683716,11,4,10.0
1790515293800000,433,1,4.0,19.1343084,72.9134178,30.025,-7.95,-0.64,-0.02,265.34,3.0,19.1343084,72.9134178,30.025,7.98,12.0,0.05,0.0005027324935917558,4.631228341829248,30.0,12.4,80.0,0,0,0,normal,none,0.0036038430429680135,0.004512859594695691,0.801175783371864,0.0,0.0,0.010000000000001136,0.1,43.299999952316284,11,4,10.0
1790515293900000,434,1,4.0,19.1343078,72.9134102,30.023,-7.95,-0.64,-0.02,265.34,3.0,19.1343078,72.9134102,30.023,7.98,12.0,0.05,-0.00033530671111843964,4.6311094493113165,30.0,12.4,80.0,0,0,0,normal,none,0.003603847421360107,0.004512865077472975,0.8011757877502561,0.0,0.0,1.1084883011491797e-14,0.1,43.40000009536743,11,3,10.0
1790515294000000,435,1,4.0,19.1343072,72.9134026,30.02,-7.96,-0.65,-0.02,265.32,3.0,19.1343072,72.9134026,30.02,7.99,12.0,0.05,-0.0008744562215891402,4.630808359615391,30.0,12.4,80.0,0,0,0,normal,none,0.0025263055725714967,0.0031592661781748577,0.8011757906409588,0.0,0.0,0.010000000000001136,0.1,43.5,11,4,10.0
1790515294100000,436,1,4.0,19.1343067,72.913395,30.018,-7.97,-0.65,-0.02,265.28,3.0,19.1343067,72.913395,30.018,7.99,12.0,0.05,-7.92431751591666e-05,4.630095285092826,30.0,12.4,80.0,0,0,0,normal,none,0.0006803722687804825,0.0008497789570271846,0.800326544022263,0.0,0.0,1.1084883011491797e-14,0.1,43.59999990463257,11,4,10.0
1790515294200000,437,1,4.0,19.1343061,72.9133875,30.015,-7.95,-0.64,-0.03,265.35,3.0,19.1343061,72.9133875,30.015,7.98,12.0,0.05,0.0034562523201556107,4.631355234335679,30.0,12.4,80.0,0,0,0,normal,none,0.00686434581534634,0.008595776371154768,0.7907075945135497,0.0,0.0,1.1379786002407855e-15,0.1,43.700000047683716,11,4,10.0
1790515294300000,438,1,4.0,19.1343055,72.9133799,30.012,-7.96,-0.64,-0.03,265.34,3.0,19.1343055,72.9133799,30.012,7.98,12.0,0.05,-0.00028042614295956217,4.631184540847886,30.0,12.4,80.0,0,0,0,normal,none,0.0026070791834365004,0.0032606067738426983,0.8011757988312825,0.0,0.0,1.1379786002407855e-15,0.1,43.799999952316284,11,4,10.0
1790515294400000,439,1,4.0,19.1343049,72.9133723,30.008,-7.96,-0.65,-0.03,265.32,3.0,19.1343049,72.9133723,30.008,7.99,12.0,0.05,-0.00018970237326744512,4.630711562431931,30.0,12.4,80.0,0,0,0,normal,none,0.0025263151659080663,0.003159278175101947,0.8011758002342954,0.0,0.0,0.01000000000001336,0.1,43.90000009536743,11,3,10.0
1790515294500000,440,1,4.0,19.1343043,72.9133647,30.005,-7.97,-0.66,-0.03,265.26,3.0,19.1343043,72.9133647,30.005,7.99,12.0,0.05,0.0011671255287322233,4.629702599517658,30.0,12.4,80.0,0,0,0,normal,none,0.0014477258259033565,0.0018080118135695529,0.801175804612687,0.0,0.0,1.1379786002407855e-15,0.1,44.0,11,4,10.0
1790515294600000,441,1,4.0,19.1343037,72.9133571,30.002,-7.97,-0.65,-0.02,265.28,3.0,19.1343037,72.9133571,30.002,7.99,12.0,0.05,-0.004325111669654813,4.630132051946569,30.0,12.4,80.0,0,0,0,normal,none,0.0015296357499066104,0.0019105015472147696,0.8011758075033891,0.0,0.0,0.010000000000001136,0.1,44.09999990463257,11,4,10.0
1790515294700000,442,1,4.0,19.1343031,72.9133495,30.0,-7.97,-0.65,-0.02,265.32,3.0,19.1343031,72.9133495,30.0,8.0,12.0,0.05,-0.00033305662361546355,4.630775037684894,30.0,12.4,80.0,0,0,0,normal,none,0.0015296386406086215,0.0019105051576760609,0.8011758103940911,0.0,0.0,1.1084883011491797e-14,0.1,44.200000047683716,11,4,10.0
1790515294800000,443,1,4.0,19.1343025,72.913342,29.998,-7.97,-0.64,-0.02,265.34,3.0,19.1343025,72.913342,29.998,8.0,12.0,0.05,-0.00024967179380221225,4.631159086491148,30.0,12.4,80.0,0,0,0,normal,none,0.008857895381944592,0.011064547878197606,0.7907076116279564,0.0,0.0,1.1084883011491797e-14,0.1,44.299999952316284,11,4,10.0
1790515294900000,444,1,4.0,19.134302,72.9133344,29.996,-7.98,-0.65,-0.02,265.31,3.0,19.134302,72.9133344,29.996,8.0,12.0,0.05,0.0009565434143534001,4.6306406364700115,30.0,12.4,80.0,0,0,0,normal,none,0.0003163000113778347,0.0003945647426257349,0.8003265666901248,0.0,0.0,2.4442253776513212e-14,0.1,44.40000009536743,11,3,10.0
1790515295000000,445,1,4.0,19.1343014,72.9133268,29.994,-7.98,-0.65,-0.01,265.33,3.0,19.1343014,72.9133268,29.994,8.01,12.0,0.05,-0.001074435658533402,4.630905719486266,30.0,12.4,80.0,0,0,0,normal,none,0.0005329519158073781,0.0006648246219670118,0.80117581861731,0.0,0.0,0.009999999999988915,0.1,44.5,11,4,10.0
1790515295100000,446,1,4.0,19.1343008,72.9133191,29.993,-7.98,-0.66,-0.01,265.27,3.0,19.1343008,72.9133191,29.993,8.01,12.0,0.05,-0.0023215552365047467,4.629918625556839,30.0,12.4,80.0,0,0,0,normal,none,0.010920305336073022,0.013621016940645844,0.8116449771178286,0.0,0.0,1.2221126888256606e-14,0.1,44.59999990463257,11,4,10.0
1790515295200000,447,1,4.0,19.1342996,72.9133122,29.992,-7.33,-1.27,-0.01,260.16,3.0,19.1342996,72.9133122,29.992,7.44,12.0,0.05,-3.692701346562949e-05,4.540669195937661,30.0,12.4,80.0,0,0,0,normal,none,0.0068846477894159985,0.009242121796880456,0.7370360469086144,0.0,0.0,2.3306009899748403e-14,0.1,44.700000047683716,11,4,10.0
1790515295300000,448,1,4.0,19.134298,72.9133057,29.991,-6.73,-1.83,0.0,254.73,3.0,19.134298,72.9133057,29.991,6.98,12.0,0.05,-0.0020578305937839357,4.446032994813132,30.0,12.4,80.0,0,0,0,normal,none,0.00819626845262722,0.011735162307820332,0.7056330039347783,0.0,0.0,0.010000000000012221,0.1,44.799999952316284,11,4,10.0
1790515295400000,449,1,4.0,19.1342959,72.9132999,29.989,-6.17,-2.35,-0.01,249.15,3.0,19.1342959,72.9132999,29.989,6.6,12.0,0.05,0.0038444485104092716,4.348563320001028,30.0,12.4,80.0,0,0,0,normal,none,0.007724905650814073,0.01168249188265537,0.652512930284086,0.0,0.0,0.009999999999988915,0.1,44.90000009536743,11,3,10.0
1790515295500000,450,0,4.0,19.1342933,72.9132945,29.988,-5.65,-2.82,-0.01,243.5,3.0,19.1342959,72.9132999,29.989,6.6,12.0,0.05,0.0038444485104092716,4.348563320001028,30.0,12.4,80.0,0,0,0,attack,dos,0.6314657552076756,0.9984188867274377,0.0,0.6367013268478648,0.0010000000000012221,1.2221126888256606e-14,0.1,45.0,11,4,10.0
1790515295700000,451,0,4.0,19.1342871,72.913285,29.986,-4.75,-3.63,0.0,232.6,3.0,19.1342959,72.9132999,29.989,6.6,12.0,0.05,0.0038444485104092716,4.348563320001028,30.0,12.4,80.0,0,0,0,attack,dos,1.1956487778607896,0.9991643329116271,0.0,1.8459590356969753,0.0030000000000001137,0.009999999999994458,0.2,45.200000047683716,10,3,9.09090909090909
1790515295800000,452,0,4.0,19.1342835,72.9132809,29.987,-4.34,-4.0,0.0,227.32,3.0,19.1342959,72.9132999,29.989,6.6,12.0,0.05,0.0038444485104092716,4.348563320001028,30.0,12.4,80.0,0,0,0,attack,dos,0.5902169092799697,0.9983085734113765,0.0,2.4259191978429744,0.0020000000000024443,0.009999999999976694,0.1,45.299999952316284,10,3,9.09090909090909
1790515295900000,453,0,4.0,19.1342796,72.9132771,29.987,-3.96,-4.34,0.0,222.41,3.0,19.1342959,72.9132999,29.989,6.6,12.0,0.05,0.0038444485104092716,4.348563320001028,30.0,12.4,80.0,0,0,0,attack,dos,0.5875134041024086,0.9983008033580387,0.0,3.003657473001368,0.0020000000000024443,0.0,0.1,45.40000009536743,10,3,9.09090909090909
1790515296500000,454,0,4.0,19.1342796,72.9132771,29.987,-3.96,-4.34,0.0,222.41,3.0,19.1342512,72.9132606,29.996,6.24,12.0,0.05,0.0038444485104092716,4.348563320001028,30.0,12.4,80.0,0,0,0,attack,dos,2.9363281268525614,0.8327456476474515,6.461408551467012,3.6023707773844404,0.009000000000000341,0.0,0.6,46.0,5,1,6.25
1790515296600000,455,1,4.0,19.1342796,72.9132771,29.987,-3.96,-4.34,0.0,222.41,3.0,19.1342458,72.9132587,29.998,6.34,12.0,0.05,-0.00144750250240293,3.466718014316244,30.0,12.4,80.0,0,0,0,attack,dos,0.04524470761927646,0.07687965525319339,0.6327581117216851,4.226320989806582,0.011000000000002785,0.0,0.1,46.09999990463257,5,2,6.25
1790515296800000,456,1,4.0,19.1342796,72.9132771,29.987,-3.96,-4.34,0.0,222.41,3.0,19.1342458,72.9132587,29.998,6.34,12.0,0.05,-0.00144750250240293,3.466718014316244,30.0,12.4,80.0,0,0,0,attack,dos,1.1750268082048172,0.9991496792479362,0.0,4.226320989806582,0.011000000000002785,0.0,0.2,46.299999952316284,5,3,5.88235294117647
1790515297000000,457,0,4.0,19.1342796,72.9132771,29.987,-3.96,-4.34,0.0,222.41,3.0,19.1342458,72.9132587,29.998,6.34,12.0,0.05,4.7789079194049274e-05,3.3401769686180027,30.0,12.4,80.0,0,0,0,attack,dos,1.1750268082048172,0.9991496792479362,0.0,4.226320989806582,0.011000000000002785,0.0,0.2,46.5,4,2,5.555555555555555
1790515297100000,458,0,4.0,19.1342796,72.9132771,29.987,-3.96,-4.34,0.0,222.41,3.0,19.1342168,72.9132516,30.011,6.79,12.0,0.05,4.7789079194049274e-05,3.3401769686180027,30.0,12.4,80.0,0,0,0,attack,dos,2.7222758117236205,4.625681917773127,3.309789215826029,7.479234279807099,0.02400000000000091,0.0,0.1,46.59999990463257,5,3,5.5555555555555545
1790515297400000,459,0,4.0,19.1342796,72.9132771,29.987,-3.96,-4.34,0.0,222.41,3.0,19.1342168,72.9132516,30.011,6.79,12.0,0.05,4.7789079194049274e-05,3.3401769686180027,30.0,12.4,80.0,0,0,0,attack,dos,1.7625402123072254,0.9994329587763175,0.0,7.479234279807099,0.02400000000000091,0.0,0.3,46.90000009536743,6,1,5.0
1790515297900000,460,0,4.0,19.1342796,72.9132771,29.987,-3.96,-4.34,0.0,222.41,3.0,19.1342168,72.9132516,30.011,6.79,12.0,0.05,4.7789079194049274e-05,3.3401769686180027,30.0,12.4,80.0,0,0,0,attack,dos,2.9375670205120428,0.9996596980797036,0.0,7.479234279807099,0.02400000000000091,0.0,0.5,47.40000009536743,4,1,4.166666666666667
1790515298000000,461,0,4.0,19.1342796,72.9132771,29.987,-3.96,-4.34,0.0,222.41,3.0,19.1342168,72.9132516,30.011,6.79,12.0,0.05,4.7789079194049274e-05,3.3401769686180027,30.0,12.4,80.0,0,0,0,attack,dos,0.5875134041024086,0.9983008033580387,0.0,7.479234279807099,0.02400000000000091,0.0,0.1,47.5,5,2,4.347826086956521
1790515298100000,462,0,4.0,19.1342796,72.9132771,29.987,-3.96,-4.34,0.0,222.41,3.0,19.1342168,72.9132516,30.011,6.79,12.0,0.05,4.7789079194049274e-05,3.3401769686180027,30.0,12.4,80.0,0,0,0,attack,dos,0.5875134041024086,0.9983008033580387,0.0,7.479234279807099,0.02400000000000091,0.0,0.1,47.59999990463257,5,3,4.347826086956521
1790515298400000,463,0,4.0,19.134132,72.9132459,30.008,0.0,-7.55,0.0,180.04,3.0,19.1342168,72.9132516,30.011,6.79,12.0,0.05,4.7789079194049274e-05,3.3401769686180027,30.0,12.4,80.0,0,0,0,attack,dos,2.2649999999999997,0.9995586937334511,0.0,9.448323433084848,0.0030000000000001137,0.07000000000000266,0.3,47.90000009536743,5,1,4.0
1790515298500000,464,0,4.0,19.1341252,72.9132459,30.008,0.04,-7.59,0.0,179.67,3.0,19.1342168,72.9132516,30.011,6.79,12.0,0.05,4.7789079194049274e-05,3.3401769686180027,30.0,12.4,80.0,0,0,0,attack,dos,0.7590105401112689,0.9986842287741778,0.0,10.203041452589762,0.0030000000000001137,0.0,0.1,48.0,5,2,5.0
1790515298600000,465,1,4.0,19.1341252,72.9132459,30.008,0.04,-7.59,0.0,179.67,3.0,19.1342168,72.9132516,30.011,6.79,12.0,0.05,4.7789079194049274e-05,3.3401769686180027,30.0,12.4,80.0,0,0,0,attack,dos,0.7590105401112689,0.9986842287741778,0.0,10.203041452589762,0.0030000000000001137,0.0,0.1,48.09999990463257,6,3,5.0
1790515298700000,466,1,4.0,19.1341252,72.9132459,30.008,0.04,-7.59,0.0,179.67,3.0,19.1342168,72.9132516,30.011,6.79,12.0,0.05,4.7789079194049274e-05,3.3401769686180027,30.0,12.4,80.0,0,0,0,attack,dos,0.7590105401112689,0.9986842287741778,0.0,10.203041452589762,0.0030000000000001137,0.0,0.1,48.200000047683716,7,4,5.2631578947368425
1790515299100000,467,1,4.0,19.1341252,72.9132459,30.008,0.04,-7.59,0.0,179.67,3.0,19.1342168,72.9132516,30.011,6.79,12.0,0.05,0.0014663916900570495,3.1071118062233753,30.0,12.4,80.0,0,0,0,attack,dos,3.0360421604450756,0.9996707322627838,0.0,10.203041452589762,0.0030000000000001137,0.0,0.4,48.59999990463257,6,1,4.761904761904762
1790515299400000,468,0,4.0,19.1341252,72.9132459,30.008,0.04,-7.59,0.0,179.67,3.0,19.1342168,72.9132516,30.011,6.79,12.0,0.05,0.0029966989734522766,3.099638196057232,30.0,12.4,80.0,0,0,0,attack,dos,2.277031620333806,0.9995610245305316,0.0,10.203041452589762,0.0030000000000001137,0.0,0.3,48.90000009536743,6,1,4.347826086956522
1790515300000000,469,0,4.0,19.1341252,72.9132459,30.008,0.04,-7.59,0.0,179.67,3.0,19.1340204,72.9132501,29.996,7.88,12.0,0.05,0.0029966989734522766,3.099638196057232,30.0,12.4,80.0,0,0,0,attack,dos,17.28518884943363,3.794719839476966,21.839252090101244,11.66157808405789,0.012000000000000455,0.0,0.6,49.5,3,1,3.846153846153846
1790515300100000,470,1,4.0,19.1341252,72.9132459,30.008,0.04,-7.59,0.0,179.67,3.0,19.1340133,72.9132505,29.996,7.89,12.0,0.05,0.0029966989734522766,3.099638196057232,30.0,12.4,80.0,0,0,0,attack,dos,0.031590938597077844,0.04156644800275111,0.7906014787083467,12.452092550247249,0.012000000000000455,0.0,0.1,49.59999990463257,4,2,4.545454545454545
1790515300200000,471,0,4.0,19.1341252,72.9132459,30.008,0.04,-7.59,0.0,179.67,3.0,19.1340133,72.9132505,29.996,7.89,12.0,0.05,0.0029966989734522766,3.099638196057232,30.0,12.4,80.0,0,0,0,attack,dos,0.7590105401112689,0.9986842287741778,0.0,12.452092550247249,0.012000000000000455,0.0,0.1,49.700000047683716,4,3,4.545454545454545
1790515300400000,472,0,4.0,19.133992,72.9132518,29.992,0.48,-7.9,-0.01,176.51,3.0,19.1340133,72.9132505,29.996,7.89,12.0,0.05,0.0029966989734522766,3.099638196057232,30.0,12.4,80.0,0,0,0,attack,dos,1.5829137689716393,0.9993686524988988,0.0,2.372385983894935,0.003999999999997783,0.0699999999999912,0.2,49.90000009536743,5,2,4.347826086956522
1790515300500000,473,1,4.0,19.1339849,72.9132523,29.991,0.49,-7.9,-0.01,176.43,3.0,19.1339849,72.9132523,29.991,7.92,12.0,0.05,-0.0002472269584739668,3.079427069656755,30.0,12.4,80.0,0,0,0,normal,none,2.3720740357622754,2.9930847657081316,3.163592197272168,0.0,0.0,1.2221126888256606e-14,0.1,50.0,5,3,4.761904761904762
1790515300600000,474,1,4.0,19.1339778,72.9132528,29.991,0.5,-7.91,0.0,176.36,3.0,19.1339778,72.9132528,29.991,7.93,12.0,0.05,-0.0010634198186358949,3.078214127186983,30.0,12.4,80.0,0,0,0,normal,none,0.0013493234930441744,0.0017003020474529588,0.7912293792236008,0.0,0.0,0.0,0.1,50.09999990463257,6,3,4.761904761904762
1790515300700000,475,1,4.0,19.1339706,72.9132532,29.989,0.51,-7.92,-0.01,176.28,3.0,19.1339706,72.9132532,29.989,7.93,12.0,0.05,0.0010628243703299856,3.0768285911607256,30.0,12.4,80.0,0,0,0,normal,none,0.008065125580301702,0.010149403580147761,0.8017054723369419,0.0,0.0,0.009999999999988915,0.1,50.200000047683716,7,4,4.761904761904762
1790515300800000,476,1,4.0,19.1339635,72.9132537,29.989,0.51,-7.91,0.0,176.25,3.0,19.1339635,72.9132537,29.989,7.93,12.0,0.05,-0.0008023216545962298,3.076196567182733,30.0,12.4,80.0,0,0,0,normal,none,0.001413036700086634,0.0017804450356959218,0.7912293795255403,0.0,0.0,0.0,0.1,50.299999952316284,8,4,4.761904761904763
1790515300900000,477,1,4.0,19.1339564,72.9132542,29.988,0.53,-7.91,0.0,176.16,3.0,19.1339564,72.9132542,29.988,7.93,12.0,0.05,-0.00037759869910015443,3.074582389794625,30.0,12.4,80.0,0,0,0,normal,none,0.001544232398005163,0.0019454317635621437,0.7912293796754543,0.0,0.0,0.010000000000012221,0.1,50.40000009536743,9,3,5.555555555555555
1790515301000000,478,1,4.0,19.1339493,72.9132548,29.987,0.54,-7.92,-0.01,176.09,3.0,19.1339493,72.9132548,29.987,7.93,12.0,0.05,0.0020985260297394317,3.073472358493592,30.0,12.4,80.0,0,0,0,normal,none,0.0018426374105450227,0.002318253046421446,0.791996137152653,0.0,0.0,1.2221126888256606e-14,0.1,50.5,10,4,6.250000000000001
1790515301100000,479,1,4.0,19.1339421,72.9132553,29.985,0.54,-7.92,-0.01,176.03,3.0,19.1339421,72.9132553,29.985,7.94,12.0,0.05,0.0007400926040519506,3.0724390348383097,30.0,12.4,80.0,0,0,0,normal,none,0.008485908902304606,0.01067626438703625,0.8023246834655027,0.0,0.0,0.009999999999988915,0.1,50.59999990463257,10,4,9.09090909090909
1790515301200000,480,1,4.0,19.133935,72.9132558,29.983,0.55,-7.91,-0.02,175.97,3.0,19.133935,72.9132558,29.983,7.93,12.0,0.05,0.0021302498425113604,3.0714212882946326,30.0,12.4,80.0,0,0,0,normal,none,0.0016804512060455412,0.0021166776635800043,0.7912293797331351,0.0,0.0,1.1084883011491797e-14,0.1,50.700000047683716,10,4,9.09090909090909
1790515301300000,481,1,4.0,19.1339279,72.9132563,29.98,0.55,-7.92,-0.03,176.01,3.0,19.1339279,72.9132563,29.98,7.94,12.0,0.05,0.002417644348817236,3.0720573819109074,30.0,12.4,80.0,0,0,0,normal,none,0.0026780450564887204,0.003369002441214398,0.7912293802772211,0.0,0.0,1.1379786002407855e-15,0.1,50.799999952316284,10,4,9.09090909090909
1790515301400000,482,1,4.0,19.1339208,72.9132569,29.977,0.55,-7.93,-0.02,175.98,3.0,19.1339208,72.9132569,29.977,7.95,12.0,0.05,-0.0015362800083653855,3.07153901113721,30.0,12.4,80.0,0,0,0,normal,none,0.002908887480182143,0.0036548173286819865,0.7919961382933376,0.0,0.0,0.010000000000001136,0.1,50.90000009536743,11,3,10.0
1790515301500000,483,1,4.0,19.1339136,72.9132574,29.976,0.56,-7.94,-0.01,175.95,3.0,19.1339136,72.9132574,29.976,7.96,12.0,0.05,-0.002588867162591246,3.070952524886632,30.0,12.4,80.0,0,0,0,normal,none,0.00635232243327466,0.007970568041632075,0.8023246837624857,0.0,0.0,1.2221126888256606e-14,0.1,51.0,11,4,10.0
1790515301600000,484,1,4.0,19.1339065,72.9132579,29.973,0.56,-7.94,-0.02,175.9,3.0,19.1339065,72.9132579,29.973,7.96,12.0,0.05,0.001272673095360914,3.070182107907724,30.0,12.4,80.0,0,0,0,normal,none,0.0047429806001374475,0.005951248537937982,0.7912293807290736,0.0,0.0,0.010000000000001136,0.1,51.09999990463257,11,4,10.0
1790515301700000,485,1,4.0,19.1338993,72.9132585,29.973,0.57,-7.95,0.0,175.86,3.0,19.1338993,72.9132585,29.973,7.97,12.0,0.05,-0.0042683514992239106,3.069433522638018,30.0,12.4,80.0,0,0,0,normal,none,0.006040071753331877,0.007568625474240765,0.8030808486273887,0.0,0.0,0.0,0.1,51.200000047683716,11,4,10.0
1790515301800000,486,1,4.0,19.1338922,72.9132591,29.973,0.58,-7.95,0.0,175.8,3.0,19.1338922,72.9132591,29.973,7.97,12.0,0.05,-0.0019548844943846726,3.068335809432698,30.0,12.4,80.0,0,0,0,normal,none,0.00511677618341233,0.006411093072507972,0.7919961392808901,0.0,0.0,0.0,0.1,51.299999952316284,11,4,10.0
1790515301900000,487,1,4.0,19.133885,72.9132596,29.973,0.58,-7.95,0.0,175.77,3.0,19.133885,72.9132596,29.973,7.97,12.0,0.05,-0.0003585253217836941,3.0678193855608007,30.0,12.4,80.0,0,0,0,normal,none,0.005211768795974736,0.0065301145927989255,0.8023246842602771,0.0,0.0,0.0,0.1,51.40000009536743,11,3,10.0
1790515302000000,488,1,4.0,19.1338778,72.9132602,29.973,0.58,-7.96,0.0,175.81,3.0,19.1338778,72.9132602,29.973,7.98,12.0,0.05,-0.0004400178650285312,3.068574103615391,30.0,12.4,80.0,0,0,0,normal,none,0.004970581200676505,0.006220144327110925,0.8030808492714488,0.0,0.0,0.0,0.1,51.5,11,4,10.0
1790515302100000,489,1,4.0,19.1338707,72.9132607,29.973,0.58,-7.95,0.0,175.81,3.0,19.1338707,72.9132607,29.973,7.97,12.0,0.05,0.0004926706960607736,3.0684793850778487,30.0,12.4,80.0,0,0,0,normal,none,0.00588353397932706,0.0073718065017207655,0.7912293814849753,0.0,0.0,0.0,0.1,51.59999990463257,11,4,10.0
1790515302200000,490,1,4.0,19.1338635,72.9132613,29.973,0.58,-7.94,0.0,175.77,3.0,19.1338635,72.9132613,29.973,7.96,12.0,0.05,-0.0013182941772779285,3.067773285400846,30.0,12.4,80.0,0,0,0,normal,none,0.006965280317188904,0.008738105970705923,0.8030808498169947,0.0,0.0,0.0,0.1,51.700000047683716,11,4,10.0
1790515302300000,491,1,4.0,19.1338564,72.9132619,29.973,0.6,-7.94,0.0,175.66,3.0,19.1338564,72.9132619,29.973,7.96,12.0,0.05,0.0023194131718722905,3.0660174915646436,30.0,12.4,80.0,0,0,0,normal,none,0.00426763514152162,0.005352852184245314,0.7919961402495231,0.0,0.0,0.0,0.1,51.799999952316284,11,4,10.0
1790515302400000,492,1,4.0,19.1338492,72.9132624,29.973,0.59,-7.95,0.0,175.74,3.0,19.1338492,72.9132624,29.973,7.97,12.0,0.05,-0.0005178619131928952,3.0673674408048113,30.0,12.4,80.0,0,0,0,normal,none,0.0051383830662096175,0.00643757360120544,0.8023246850057248,0.0,0.0,0.0,0.1,51.90000009536743,11,3,10.0
1790515302500000,493,1,4.0,19.1338421,72.913263,29.972,0.59,-7.95,0.0,175.68,3.0,19.1338421,72.913263,29.972,7.97,12.0,0.05,0.0018920593096199726,3.0663557691659182,30.0,12.4,80.0,0,0,0,normal,none,0.0051901611368112555,0.006502443256918426,0.791996140802704,0.0,0.0,0.009999999999976694,0.1,52.0,11,4,10.0
1790515302600000,494,1,4.0,19.1338349,72.9132636,29.97,0.59,-7.95,-0.01,175.69,3.0,19.1338349,72.9132636,29.97,7.97,12.0,0.05,0.003089591298930023,3.0664604389130417,30.0,12.4,80.0,0,0,0,normal,none,0.005894548617056405,0.007384928309009093,0.8030808505565716,0.0,0.0,0.010000000000024442,0.1,52.09999990463257,11,4,10.0
1790515302700000,495,1,4.0,19.1338278,72.9132641,29.969,0.59,-7.95,-0.01,175.7,3.0,19.1338278,72.9132641,29.969,7.97,12.0,0.05,-0.0008266706192979366,3.066706138373621,30.0,12.4,80.0,0,0,0,normal,none,0.0059569194496208455,0.007463069004248895,0.7912293824898944,0.0,0.0,2.3306009899748403e-14,0.1,52.200000047683716,11,4,10.0
1790515302800000,496,1,4.0,19.1338206,72.9132647,29.967,0.6,-7.95,-0.01,175.65,3.0,19.1338206,72.9132647,29.967,7.97,12.0,0.05,-5.484324843492864e-06,3.0657847126355344,30.0,12.4,80.0,0,0,0,normal,none,0.0058199150298466895,0.007290742622753186,0.8030808509849454,0.0,0.0,0.010000000000024442,0.1,52.299999952316284,11,4,10.0
1790515302900000,497,1,4.0,19.1338135,72.9132653,29.966,0.6,-7.95,-0.01,175.67,3.0,19.1338135,72.9132653,29.966,7.97,12.0,0.05,-6.236538371060371e-05,3.066078305407191,30.0,12.4,80.0,0,0,0,normal,none,0.005264794283656338,0.006595329981113439,0.7919961416714424,0.0,0.0,2.3306009899748403e-14,0.1,52.40000009536743,11,3,10.0
1790515303000000,498,1,4.0,19.1338063,72.9132658,29.965,0.6,-7.96,0.0,175.63,3.0,19.1338063,72.9132658,29.965,7.98,12.0,0.05,-0.0032473750502172295,3.0653764003339004,30.0,12.4,80.0,0,0,0,normal,none,0.0040665822758785275,0.005087946255964404,0.8023246858990113,0.0,0.0,0.010000000000012221,0.1,52.5,11,4,10.0
1790515303100000,499,1,4.0,19.1337992,72.9132664,29.965,0.6,-7.96,0.0,175.64,3.0,19.1337992,72.9132664,29.965,7.98,12.0,0.05,-0.0013416740575253655,3.0656068518934187,30.0,12.4,80.0,0,0,0,normal,none,0.006261961636132796,0.007834717731039038,0.791996141987,0.0,0.0,0.0,0.1,52.59999990463257,11,4,10.0
1790515303200000,500,1,4.0,19.133792,72.913267,29.965,0.61,-7.96,0.0,175.6,3.0,19.133792,72.913267,29.965,7.98,12.0,0.05,0.0007930205201289669,3.06491916460757,30.0,12.4,80.0,0,0,0,normal,none,0.004746961910344849,0.005938647127868824,0.8030808519588634,0.0,0.0,0.0,0.1,52.700000047683716,11,4,10.0
1790515303300000,501,1,4.0,19.1337848,72.9132676,29.965,0.6,-7.96,0.0,175.67,3.0,19.1337848,72.9132676,29.965,7.98,12.0,0.05,-0.0012850125276898227,3.066071586565957,30.0,12.4,80.0,0,0,0,normal,none,0.004822748434243684,0.006034031325277264,0.8030808520573764,0.0,0.0,0.0,0.1,52.799999952316284,11,4,10.0
1790515303400000,502,1,4.0,19.1337777,72.9132682,29.965,0.6,-7.96,0.0,175.63,3.0,19.1337777,72.9132682,29.965,7.98,12.0,0.05,0.0004663571311388213,3.065446506041803,30.0,12.4,80.0,0,0,0,normal,none,0.006261960864250016,0.007834716765289957,0.7919961427588827,0.0,0.0,0.0,0.1,52.90000009536743,11,3,10.0
1790515303500000,503,1,4.0,19.1337705,72.9132687,29.966,0.6,-7.96,0.0,175.65,3.0,19.1337705,72.9132687,29.966,7.99,12.0,0.05,-0.0010254225757037644,3.0657388729610684,30.0,12.4,80.0,0,0,0,normal,none,0.0040665830213236775,0.005087947188635773,0.8023246866444564,0.0,0.0,0.010000000000012221,0.1,53.0,11,4,10.0
1790515303600000,504,1,4.0,19.1337633,72.9132693,29.966,0.6,-7.96,0.0,175.62,3.0,19.1337633,72.9132693,29.966,7.99,12.0,0.05,5.21949237812682e-05,3.065311629828046,30.0,12.4,80.0,0,0,0,normal,none,0.004822749472125687,0.00603403262383401,0.8030808530952585,0.0,0.0,0.0,0.1,53.09999990463257,11,4,10.0
1790515303700000,505,1,4.0,19.1337562,72.9132699,29.967,0.6,-7.97,0.0,175.62,3.0,19.1337562,72.9132699,29.967,7.99,12.0,0.05,-0.001087508920712552,3.0652469804802065,30.0,12.4,80.0,0,0,0,normal,none,0.007259135350394352,0.00907102464252808,0.791996143018163,0.0,0.0,0.009999999999976694,0.1,53.200000047683716,11,4,10.0
1790515303800000,506,1,4.0,19.133749,72.9132705,29.968,0.6,-7.96,0.01,175.63,3.0,19.133749,72.9132705,29.968,7.98,12.0,0.05,-0.002305699854579481,3.065397874263098,30.0,12.4,80.0,0,0,0,normal,none,0.004822749506672941,0.006034032667058162,0.8030808531298057,0.0,0.0,1.2221126888256606e-14,0.1,53.299999952316284,11,4,10.0
1790515303900000,507,1,4.0,19.1337419,72.9132711,29.969,0.61,-7.95,0.01,175.55,3.0,19.1337419,72.9132711,29.969,7.98,12.0,0.05,0.0010961877828685592,3.0639803864041717,30.0,12.4,80.0,0,0,0,normal,none,0.005340673314406574,0.006689749488693999,0.7919961438463213,0.0,0.0,1.2221126888256606e-14,0.1,53.40000009536743,11,3,10.0
1790515304000000,508,1,4.0,19.1337347,72.9132717,29.97,0.62,-7.96,0.01,175.51,3.0,19.1337347,72.9132717,29.97,7.98,12.0,0.05,-6.452004282160966e-05,3.0632299542090515,30.0,12.4,80.0,0,0,0,normal,none,0.004669931789192949,0.005841716271350211,0.8030808535581778,0.0,0.0,2.3306009899748403e-14,0.1,53.5,11,4,10.0
1790515304100000,509,1,4.0,19.1337275,72.9132723,29.971,0.62,-7.96,0.01,175.48,3.0,19.1337275,72.9132723,29.971,7.98,12.0,0.05,0.00012480397181978935,3.0628416074225258,30.0,12.4,80.0,0,0,0,normal,none,0.004669932515873221,0.0058417171803699045,0.8030808542848581,0.0,0.0,1.2221126888256606e-14,0.1,53.59999990463257,11,4,10.0
1790515304200000,510,1,4.0,19.1337204,72.9132729,29.973,0.63,-7.95,0.01,175.45,3.0,19.1337204,72.9132729,29.973,7.98,12.0,0.05,-0.0010927670752980225,3.0622547143679832,30.0,12.4,80.0,0,0,0,normal,none,0.005496175725444807,0.006883191722401984,0.7919961439867892,0.0,0.0,0.009999999999988915,0.1,53.700000047683716,11,4,10.0
1790515304300000,511,1,4.0,19.1337132,72.9132735,29.974,0.64,-7.95,0.01,175.35,3.0,19.1337132,72.9132735,29.974,7.97,12.0,0.05,5.680286884247916e-05,3.060533520732534,30.0,12.4,80.0,0,0,0,normal,none,0.005508914384333763,0.006898457241140839,0.8030808547132298,0.0,0.0,1.2221126888256606e-14,0.1,53.799999952316284,11,4,10.0
1790515304400000,512,1,4.0,19.1337061,72.9132741,29.976,0.64,-7.95,0.01,175.35,3.0,19.1337061,72.9132741,29.976,7.97,12.0,0.05,-0.0007830349073324681,3.0605410398985726,30.0,12.4,80.0,0,0,0,normal,none,0.005575795907739711,0.006982208647906275,0.7919961444211563,0.0,0.0,0.009999999999988915,0.1,53.90000009536743,11,3,10.0
1790515304500000,513,1,4.0,19.1336989,72.9132747,29.977,0.65,-7.95,0.01,175.3,3.0,19.1336989,72.9132747,29.977,7.98,12.0,0.05,0.0012014112886848819,3.0596821392560267,30.0,12.4,80.0,0,0,0,normal,none,0.005428048464410362,0.006796505839619913,0.8030808551416013,0.0,0.0,1.2221126888256606e-14,0.1,54.0,11,4,10.0
1790515304600000,514,1,4.0,19.1336918,72.9132753,29.979,0.65,-7.94,0.01,175.31,3.0,19.1336918,72.9132753,29.979,7.96,12.0,0.05,-0.001860646930398811,3.0597871225752153,30.0,12.4,80.0,0,0,0,normal,none,0.004659991755499471,0.005842106067532103,0.791996144855523,0.0,0.0,0.009999999999988915,0.1,54.09999990463257,11,4,10.0
1790515304700000,515,1,4.0,19.1336846,72.9132759,29.98,0.64,-7.94,0.0,175.38,3.0,19.1336846,72.9132759,29.98,7.96,12.0,0.05,0.003148210106933831,3.060960656086317,30.0,12.4,80.0,0,0,0,normal,none,0.006505686486727558,0.00815683178076541,0.8030808555699724,0.0,0.0,0.010000000000012221,0.1,54.200000047683716,11,4,10.0
1790515304800000,516,1,4.0,19.1336775,72.9132766,29.981,0.64,-7.94,0.01,175.37,3.0,19.1336775,72.9132766,29.981,7.97,12.0,0.05,-0.0019634649867236948,3.0607888753371317,30.0,12.4,80.0,0,0,0,normal,none,0.0036738085695080525,0.004606222349839238,0.7929013605137368,0.0,0.0,1.2221126888256606e-14,0.1,54.299999952316284,11,4,10.0
1790515304900000,517,1,4.0,19.1336703,72.9132772,29.983,0.64,-7.94,0.01,175.32,3.0,19.1336703,72.9132772,29.983,7.96,12.0,0.05,-0.0003291157229926593,3.0599649481003963,30.0,12.4,80.0,0,0,0,normal,none,0.006505686797927068,0.008156832170947455,0.803080855881172,0.0,0.0,0.009999999999988915,0.1,54.40000009536743,11,3,10.0
1790515305000000,518,1,4.0,19.1336632,72.9132778,29.985,0.65,-7.93,0.01,175.3,3.0,19.1336632,72.9132778,29.985,7.96,12.0,0.05,-0.0007740555753733245,3.059652578855781,30.0,12.4,80.0,0,0,0,normal,none,0.003663329058099518,0.004598362504323431,0.7919961458430671,0.0,0.0,0.009999999999988915,0.1,54.5,11,4,10.0
1790515305100000,519,1,4.0,19.1336561,72.9132784,29.987,0.64,-7.94,0.02,175.34,3.0,19.1336561,72.9132784,29.987,7.97,12.0,0.05,-0.0004935492376698499,3.060385906854032,30.0,12.4,80.0,0,0,0,normal,none,0.004579022749534367,0.005741180175904453,0.7919961463337105,0.0,0.0,1.1084883011491797e-14,0.1,54.59999990463257,11,4,10.0
1790515305200000,520,1,4.0,19.1336489,72.913279,29.988,0.63,-7.93,0.01,175.4,3.0,19.1336489,72.913279,29.988,7.96,12.0,0.05,0.0017768872910584538,3.0614589561477827,30.0,12.4,80.0,0,0,0,normal,none,0.007582270451735762,0.009519502717231815,0.8030808562455762,0.0,0.0,1.2221126888256606e-14,0.1,54.700000047683716,11,4,10.0
1790515305300000,521,1,4.0,19.1336418,72.9132796,29.989,0.64,-7.94,0.0,175.36,3.0,19.1336418,72.9132796,29.989,7.96,12.0,0.05,0.0025765934916352536,3.0607551742072214,30.0,12.4,80.0,0,0,0,normal,none,0.004579022315168602,0.0057411796312965176,0.7919961467680763,0.0,0.0,0.010000000000012221,0.1,54.799999952316284,11,4,10.0
1790515305400000,522,1,4.0,19.1336346,72.9132802,29.989,0.64,-7.94,0.0,175.36,3.0,19.1336346,72.9132802,29.989,7.97,12.0,0.05,0.002064670390573558,3.0607263839290066,30.0,12.4,80.0,0,0,0,normal,none,0.006505687590701581,0.008156833164928391,0.8030808566739465,0.0,0.0,0.0,0.1,54.90000009536743,11,3,10.0
1790515305500000,523,1,4.0,19.1336275,72.9132809,29.989,0.64,-7.94,0.0,175.33,3.0,19.1336275,72.9132809,29.989,7.97,12.0,0.05,-2.770861391477815e-05,3.0601707063162182,30.0,12.4,80.0,0,1,2,attack,mavlink_anomaly,0.0036738061113236187,0.004606219267766816,0.7929013629719213,0.0,0.0,0.0,0.1,55.0,11,4,10.0
1790515305600000,524,1,4.0,19.1336203,72.9132815,29.989,0.65,-7.95,0.0,175.28,3.0,19.1336203,72.9132815,29.989,7.98,12.0,0.05,-0.0024996630560797485,3.059349693183252,30.0,12.4,80.0,0,0,0,normal,none,0.005428050307953902,0.006796508147936525,0.8030808569851449,0.0,0.0,0.0,0.1,55.09999990463257,11,4,10.0
1790515305700000,525,1,4.0,19.1336132,72.9132821,29.989,0.65,-7.95,0.0,175.27,3.0,19.1336132,72.9132821,29.989,7.98,12.0,0.05,0.003985093389337677,3.059139416470238,30.0,12.4,80.0,1,1,1,attack,mavlink_anomaly,0.005656658921572522,0.007082750945441675,0.7919961477556184,0.0,0.0,0.0,0.1,55.200000047683716,11,4,10.0
1790515305800000,526,1,4.0,19.133606,72.9132827,29.989,0.65,-7.96,0.0,175.27,3.0,19.133606,72.9132827,29.989,7.98,12.0,0.05,-0.0027377215998626095,3.05912621366732,30.0,12.4,80.0,1,1,0,attack,mavlink_anomaly,0.004431372345127249,0.005541643467385302,0.8030808574135145,0.0,0.0,0.0,0.1,55.299999952316284,11,4,10.0
1790515305900000,527,1,4.0,19.1335988,72.9132834,29.989,0.65,-7.96,0.0,175.29,3.0,19.1335988,72.9132834,29.989,7.99,12.0,0.05,0.0008318917945132185,3.0595470137380185,30.0,12.4,80.0,0,1,0,attack,mavlink_anomaly,0.0053241081598444095,0.006658052383275259,0.8039735932282317,0.0,0.0,0.0,0.1,55.40000009536743,11,3,10.0
1790515306000000,528,1,4.0,19.1335917,72.913284,29.989,0.65,-7.96,0.0,175.33,3.0,19.1335917,72.913284,29.989,7.99,12.0,0.05,0.00038346985656647503,3.060094410948474,30.0,12.4,80.0,0,1,0,attack,mavlink_anomaly,0.006653336659702691,0.008320316318510088,0.7919961484086846,0.0,0.0,0.0,0.1,55.5,11,4,10.0
1790515306100000,529,1,4.0,19.1335845,72.9132846,29.989,0.65,-7.96,0.0,175.3,3.0,19.1335845,72.9132846,29.989,7.99,12.0,0.05,0.0007490026298368661,3.0595956448511674,30.0,12.4,80.0,0,0,1,attack,mavlink_anomaly,0.004431372989179061,0.005541644272802956,0.8030808580575663,0.0,0.0,0.0,0.1,55.59999990463257,11,4,10.0
1790515306200000,530,1,4.0,19.1335774,72.9132852,29.988,0.66,-7.96,0.0,175.24,3.0,19.1335774,72.9132852,29.988,7.99,12.0,0.05,0.0013423013988806273,3.0586774814525204,30.0,12.4,80.0,1,0,2,attack,mavlink_anomaly,0.006735345465269771,0.008422008528118696,0.7919961488430491,0.0,0.0,0.010000000000012221,0.1,55.700000047683716,11,4,10.0
1790515306300000,531,1,4.0,19.1335702,72.9132859,29.988,0.65,-7.95,0.0,175.28,3.0,19.1335702,72.9132859,29.988,7.98,12.0,0.05,-0.0023278300142316475,3.059358827708946,30.0,12.4,80.0,1,0,1,attack,mavlink_anomaly,0.006320787715861864,0.00791431228065123,0.8039735943930528,0.0,0.0,0.0,0.1,55.799999952316284,11,4,10.0
1790515306400000,532,1,4.0,19.133563,72.9132865,29.988,0.65,-7.96,0.0,175.27,3.0,19.133563,72.9132865,29.988,7.99,12.0,0.05,0.001010368924972249,3.0591893336628284,30.0,12.4,80.0,0,0,0,normal,none,0.004431374027055401,0.005541645570717054,0.8030808590954427,0.0,0.0,0.0,0.1,55.90000009536743,11,3,10.0
1790515306500000,533,1,4.0,19.1335559,72.9132871,29.988,0.65,-7.95,0.0,175.31,3.0,19.1335559,72.9132871,29.988,7.98,12.0,0.05,-0.00021124380107764507,3.0597797056886256,30.0,12.4,80.0,0,0,0,normal,none,0.00565665757486733,0.007082749259220603,0.7919961491023236,0.0,0.0,0.0,0.1,56.0,11,4,10.0
1790515306600000,534,1,4.0,19.1335487,72.9132877,29.986,0.65,-7.96,-0.01,175.31,3.0,19.1335487,72.9132877,29.986,7.99,12.0,0.05,0.003366874213778495,3.059774448190207,30.0,12.4,80.0,0,1,1,attack,mavlink_anomaly,0.004431374455423964,0.005541646106412469,0.8030808595238113,0.0,0.0,0.009999999999988915,0.1,56.09999990463257,11,4,10.0
1790515306700000,535,1,4.0,19.1335416,72.9132883,29.985,0.65,-7.96,-0.01,175.33,3.0,19.1335416,72.9132883,29.985,7.99,12.0,0.05,-0.0007569776743047609,3.060153776308849,30.0,12.4,80.0,0,0,0,normal,none,0.006653335531699778,0.00832031490788839,0.7919961495366875,0.0,0.0,1.2221126888256606e-14,0.1,56.200000047683716,11,4,10.0
1790515306800000,536,1,4.0,19.1335344,72.913289,29.984,0.64,-7.96,0.0,175.34,3.0,19.1335344,72.913289,29.984,7.99,12.0,0.05,-0.00079982839792006,3.060263168635776,30.0,12.4,80.0,0,0,1,attack,mavlink_anomaly,0.005404876596655339,0.006759739924588106,0.8039735962445014,0.0,0.0,0.009999999999976694,0.1,56.299999952316284,11,4,10.0
1790515306900000,537,1,4.0,19.1335272,72.9132896,29.983,0.64,-7.96,-0.01,175.34,3.0,19.1335272,72.9132896,29.983,7.99,12.0,0.05,0.0015366840860575048,3.0603593747138875,30.0,12.4,80.0,2,1,2,attack,mavlink_anomaly,0.004512140126190167,0.005643217418732249,0.8030808597740362,0.0,0.0,1.2221126888256606e-14,0.1,56.40000009536743,11,3,10.0
1790515307000000,538,1,4.0,19.1335201,72.9132902,29.981,0.64,-7.96,-0.02,175.37,3.0,19.1335201,72.9132902,29.981,7.98,12.0,0.05,0.003029896913085575,3.0608457500691033,30.0,12.4,80.0,1,0,2,attack,mavlink_anomaly,0.006572569064303813,0.008220142812988693,0.7919961505835422,0.0,0.0,1.1084883011491797e-14,0.1,56.5,11,4,10.0
1790515307100000,539,1,4.0,19.1335129,72.9132908,29.978,0.63,-7.96,-0.02,175.41,3.0,19.1335129,72.9132908,29.978,7.98,12.0,0.05,0.0013189000012189236,3.0615935508926997,30.0,12.4,80.0,1,3,1,attack,mavlink_anomaly,0.004591661778280076,0.005743244295646166,0.8030808602024041,0.0,0.0,0.010000000000001136,0.1,56.59999990463257,11,4,10.0
1790515307200000,540,1,4.0,19.1335057,72.9132914,29.976,0.64,-7.96,-0.02,175.37,3.0,19.1335057,72.9132914,29.976,7.99,12.0,0.05,-0.0015408341898111798,3.0609123175866975,30.0,12.4,80.0,0,1,1,attack,mavlink_anomaly,0.0045121408874114755,0.005643218370772129,0.8030808605352575,0.0,0.0,2.4442253776513212e-14,0.1,56.700000047683716,11,4,10.0
1790515307300000,541,1,4.0,19.1334986,72.913292,29.974,0.63,-7.97,-0.01,175.42,3.0,19.1334986,72.913292,29.974,7.99,12.0,0.05,-0.0008102017708120392,3.06181828989142,30.0,12.4,80.0,0,1,0,attack,mavlink_anomaly,0.007489933814270433,0.009356732059753528,0.791996151117794,0.0,0.0,0.009999999999988915,0.1,56.799999952316284,11,4,10.0
1790515307400000,542,1,4.0,19.1334914,72.9132926,29.971,0.63,-7.97,-0.02,175.46,3.0,19.1334914,72.9132926,29.971,7.99,12.0,0.05,0.00042221814631907814,3.0624735438376307,30.0,12.4,80.0,0,1,1,attack,mavlink_anomaly,0.0035947760315605537,0.004490741437267626,0.803080860963625,0.0,0.0,0.010000000000001136,0.1,56.90000009536743,11,3,10.0
1790515307500000,543,1,4.0,19.1334842,72.9132932,29.97,0.63,-7.98,-0.01,175.46,3.0,19.1334842,72.9132932,29.97,8.0,12.0,0.05,-0.0028884699822702485,3.0624739935511487,30.0,12.4,80.0,1,0,0,attack,mavlink_anomaly,0.0025978818552061522,0.0032413437622552752,0.8030808610621347,0.0,0.0,1.2221126888256606e-14,0.1,57.0,11,4,10.0
1790515307600000,544,1,4.0,19.133477,72.9132938,29.97,0.63,-7.98,0.0,175.47,3.0,19.133477,72.9132938,29.97,8.0,12.0,0.05,-0.0018438292605980706,3.06257779849444,30.0,12.4,80.0,2,0,1,attack,mavlink_anomaly,0.0025978825818844253,0.003241344668922406,0.803080861788813,0.0,0.0,0.0,0.1,57.09999990463257,11,4,10.0
1790515307700000,545,1,4.0,19.1334699,72.9132944,29.969,0.62,-7.98,0.0,175.54,3.0,19.1334699,72.9132944,29.969,8.0,12.0,0.05,0.000837131807464231,3.063758347262013,30.0,12.4,80.0,0,0,0,normal,none,0.008408745940474582,0.010492506305271645,0.7919961515957661,0.0,0.0,0.009999999999976694,0.1,57.200000047683716,11,4,10.0
1790515307800000,546,1,4.0,19.1334627,72.913295,29.968,0.62,-7.98,-0.01,175.56,3.0,19.1334627,72.913295,29.968,8.0,12.0,0.05,0.0007665689636753068,3.0641060435713907,30.0,12.4,80.0,1,1,0,attack,mavlink_anomaly,0.0026759646809392246,0.003339091998521526,0.8030808622171799,0.0,0.0,1.2221126888256606e-14,0.1,57.299999952316284,11,4,10.0
1790515307900000,547,1,4.0,19.1334555,72.9132956,29.967,0.61,-7.98,-0.01,175.61,3.0,19.1334555,72.9132956,29.967,8.0,12.0,0.05,-2.1023144375951656e-05,3.065020348913493,30.0,12.4,80.0,1,0,0,attack,mavlink_anomaly,0.002752804185538249,0.0034353023820414496,0.8030808619218642,0.0,0.0,1.2221126888256606e-14,0.1,57.40000009536743,11,3,10.0
1790515308000000,548,1,4.0,19.1334483,72.9132962,29.966,0.6,-7.98,0.0,175.66,3.0,19.1334483,72.9132962,29.966,8.0,12.0,0.05,-0.001918202584023919,3.066012099795061,30.0,12.4,80.0,1,0,0,attack,mavlink_anomaly,0.002828402089801174,0.00352997616908287,0.803080862254717,0.0,0.0,0.009999999999976694,0.1,57.5,11,4,10.0
1790515308100000,549,1,4.0,19.1334411,72.9132967,29.967,0.6,-7.98,0.0,175.68,3.0,19.1334411,72.9132967,29.967,8.01,12.0,0.05,-0.003082635351169123,3.066330270455495,30.0,12.4,80.0,0,1,1,attack,mavlink_anomaly,0.002072233732610007,0.0025862432075197555,0.8023246938975258,0.0,0.0,0.009999999999976694,0.1,57.59999990463257,11,4,10.0
1790515308200000,550,1,4.0,19.133434,72.9132973,29.968,0.6,-7.98,0.0,175.69,3.0,19.133434,72.9132973,29.968,8.0,12.0,0.05,-0.0011165116940688269,3.066465722605351,30.0,12.4,80.0,1,1,0,attack,mavlink_anomaly,0.00825630747868844,0.010304252266494266,0.7919961526862274,0.0,0.0,0.010000000000012221,0.1,57.700000047683716,11,4,10.0
1790515308300000,551,1,4.0,19.1334268,72.9132979,29.969,0.6,-7.98,0.01,175.67,3.0,19.1334268,72.9132979,29.969,8.01,12.0,0.05,-0.0008908315620824701,3.0661498510006617,30.0,12.4,80.0,1,1,1,attack,mavlink_anomaly,0.00282840312767374,0.003529977464395667,0.8030808632925895,0.0,0.0,1.2221126888256606e-14,0.1,57.799999952316284,11,4,10.0
1790515308400000,552,1,4.0,19.1334196,72.9132985,29.97,0.59,-7.97,0.01,175.7,3.0,19.1334196,72.9132985,29.97,8.0,12.0,0.05,-0.000881862267076689,3.066613370542012,30.0,12.4,80.0,0,0,1,attack,mavlink_anomaly,0.0039000323963386263,0.004873938798820895,0.8030808629972734,0.0,0.0,2.3306009899748403e-14,0.1,57.90000009536743,11,3,10.0
1790515308500000,553,1,4.0,19.1334124,72.913299,29.972,0.59,-7.98,0.01,175.76,3.0,19.1334124,72.913299,29.972,8.0,12.0,0.05,-0.0011585022716706559,3.0677116046747726,30.0,12.4,80.0,1,0,0,attack,mavlink_anomaly,0.0021465889268335037,0.0026792905509656446,0.8023246941009253,0.0,0.0,0.010000000000024442,0.1,58.0,11,4,10.0
1790515308600000,554,1,4.0,19.1334058,72.9133002,29.973,1.2,-7.33,0.01,170.64,3.0,19.1334058,72.9133002,29.973,7.43,12.0,0.05,0.001920135273764898,2.9783053758495335,30.0,12.4,80.0,2,0,0,attack,mavlink_anomaly,0.00187726887040629,0.002524032856333804,0.7446349682583023,0.0,0.0,2.3306009899748403e-14,0.1,58.09999990463257,11,4,10.0
1790515308700000,555,1,4.0,19.1333998,72.9133019,29.975,1.77,-6.73,0.01,165.21,3.0,19.1333998,72.9133019,29.975,6.96,12.0,0.05,-0.0007918065554301035,2.883607790242152,30.0,12.4,80.0,2,1,0,attack,mavlink_anomaly,0.005227945362431652,0.007501860740579771,0.6906585396335051,0.0,0.0,0.010000000000024442,0.1,58.200000047683716,11,4,10.0
1790515308800000,556,1,4.0,19.1333942,72.9133041,29.975,2.3,-6.17,0.0,159.55,3.0,19.1333942,72.9133041,29.975,6.58,12.0,0.05,0.0029035641140502818,2.784687243344427,30.0,12.4,80.0,1,1,0,attack,mavlink_anomaly,0.0057232501657230594,0.008678497761919837,0.6641980029087572,0.0,0.0,0.0,0.1,58.299999952316284,11,4,10.0
1790515308900000,557,1,4.0,19.1333891,72.9133067,29.976,2.76,-5.65,0.0,153.9,3.0,19.1333891,72.9133067,29.976,6.29,12.0,0.05,4.592338390562434e-05,2.686212513586393,30.0,12.4,80.0,0,1,0,attack,mavlink_anomaly,0.000634226414386041,0.0010070135882376166,0.629443418459159,0.0,0.0,0.009999999999976694,0.1,58.40000009536743,11,3,10.0
1790515309000000,558,1,4.0,19.1333845,72.9133097,29.977,3.19,-5.16,0.01,148.26,3.0,19.1333845,72.9133097,29.977,6.07,12.0,0.05,-0.0024546441819511917,2.5877336155814374,30.0,12.4,80.0,1,0,0,attack,mavlink_anomaly,0.005850638694989363,0.009628397944445007,0.6007934085023766,0.0,0.0,1.2221126888256606e-14,0.1,58.5,11,4,10.0
1790515309100000,559,1,4.0,19.1333802,72.9133132,29.979,3.59,-4.72,0.02,142.76,3.0,19.1333802,72.9133132,29.979,5.93,12.0,0.05,-0.0024184443594024766,2.4917262334496955,30.0,12.4,80.0,1,0,0,attack,mavlink_anomaly,0.010150644007093423,0.017088238176753416,0.6031641345787667,0.0,0.0,1.1084883011491797e-14,0.1,58.59999990463257,11,4,10.0
1790515309200000,560,1,4.0,19.1333764,72.9133169,29.981,3.96,-4.31,0.02,137.46,3.0,19.1333764,72.9133169,29.981,5.85,12.0,0.05,0.0002450795177683911,2.3991499472627096,30.0,12.4,80.0,2,0,0,attack,mavlink_anomaly,0.011172447100168181,0.019055828563149826,0.5741283302784375,0.0,0.0,2.4442253776513212e-14,0.1,58.700000047683716,11,4,10.0
1790515309300000,561,1,4.0,19.1333728,72.913321,29.984,4.28,-3.94,0.02,132.61,3.0,19.1333728,72.913321,29.984,5.82,12.0,0.05,-0.0015043585997056561,2.3145954453838624,30.0,12.4,80.0,0,1,1,attack,mavlink_anomaly,0.006271813489280409,0.01076265005861762,0.5880105864793571,0.0,0.0,0.010000000000001136,0.1,58.799999952316284,11,4,10.0
1790515309400000,562,1,4.0,19.1333696,72.9133254,29.986,4.59,-3.59,0.02,128.02,3.0,19.1333696,72.9133254,29.986,5.82,12.0,0.05,-0.0003291647593132796,2.2345005945299063,30.0,12.4,80.0,0,2,0,attack,mavlink_anomaly,0.0006048678120565976,0.001036230288689046,0.5833243543576844,0.0,0.0,1.1084883011491797e-14,0.1,58.90000009536743,11,3,10.0
1790515309500000,563,1,4.0,19.1333666,72.91333,29.989,4.87,-3.26,0.02,123.83,3.0,19.1333666,72.91333,29.989,5.86,12.0,0.05,-0.0001372539649948644,2.1612932357120216,30.0,12.4,80.0,0,0,1,attack,mavlink_anomaly,0.0011552157666109286,0.001967859447288853,0.5871970231489854,0.0,0.0,0.010000000000001136,0.1,59.0,11,4,10.0
1790515309600000,564,1,4.0,19.133364,72.9133349,29.992,5.13,-2.96,0.02,119.98,3.0,19.133364,72.9133349,29.992,5.93,12.0,0.05,0.0004333067316063171,2.094175126316317,30.0,12.4,80.0,1,0,1,attack,mavlink_anomaly,0.0018840072621950643,0.003175626475053208,0.5903870455506196,0.0,0.0,0.010000000000001136,0.1,59.09999990463257,11,4,10.0
1790515309700000,565,1,4.0,19.1333616,72.91334,29.993,5.37,-2.68,0.01,116.52,3.0,19.1333616,72.91334,29.993,6.0,12.0,0.05,0.0040147011796261185,2.033777852925241,30.0,12.4,80.0,1,2,0,attack,mavlink_anomaly,0.0016087740497888747,0.0026761126444976207,0.5985520377331865,0.0,0.0,2.3306009899748403e-14,0.1,59.200000047683716,11,4,10.0
1790515309800000,566,1,4.0,19.1333594,72.9133453,29.994,5.59,-2.42,0.01,113.46,3.0,19.1333594,72.9133453,29.994,6.09,12.0,0.05,-0.00035840609027293086,1.980280501704216,30.0,12.4,80.0,0,0,0,normal,none,0.000986425048954187,0.0016167334176563112,0.6081482070316722,0.0,0.0,1.2221126888256606e-14,0.1,59.299999952316284,11,4,10.0
1790515309900000,567,1,4.0,19.1333574,72.9133509,29.996,5.79,-2.19,0.02,110.73,3.0,19.1333574,72.9133509,29.996,6.19,12.0,0.05,-0.0021526757927573946,1.9327059479409572,30.0,12.4,80.0,0,0,3,attack,mavlink_anomaly,0.009891295444302006,0.015952850214554164,0.6289244124905551,0.0,0.0,1.1084883011491797e-14,0.1,59.40000009536743,11,3,10.0
1790515310000000,568,1,4.0,19.1333556,72.9133565,29.999,5.98,-1.97,0.03,108.24,3.0,19.1333556,72.9133565,29.999,6.29,12.0,0.05,-0.0032204950380685907,1.8892669564300442,30.0,12.4,80.0,1,0,0,attack,mavlink_anomaly,0.00820445082754162,0.013010270909632107,0.6214089226009459,0.0,0.0,1.1379786002407855e-15,0.1,59.5,11,4,10.0
1790515310100000,569,1,4.0,19.133354,72.9133624,30.002,6.14,-1.77,0.02,106.1,3.0,19.133354,72.9133624,30.002,6.39,12.0,0.05,0.0005082759904736218,1.8518196269233371,30.0,12.4,80.0,0,1,0,attack,mavlink_anomaly,0.00583443985209664,0.009116267686323926,0.6448375697348853,0.0,0.0,0.010000000000001136,0.1,59.59999990463257,11,4,10.0
1790515310200000,570,1,4.0,19.1333526,72.9133684,30.005,6.29,-1.58,0.02,104.12,3.0,19.1333526,72.9133684,30.005,6.48,12.0,0.05,0.0013997078539700065,1.8173716294034972,30.0,12.4,80.0,2,0,0,attack,mavlink_anomaly,0.0007125489872502611,0.0010970044228253858,0.6492532184907133,0.0,0.0,0.010000000000001136,0.1,59.700000047683716,11,4,10.0
1790515310300000,571,1,4.0,19.1333513,72.9133745,30.007,6.43,-1.41,0.02,102.37,3.0,19.1333513,72.9133745,30.007,6.58,12.0,0.05,0.000668171039947232,1.7868335699696616,30.0,12.4,80.0,0,0,0,normal,none,0.0013572589480030928,0.002058704872859907,0.6569207978030935,0.0,0.0,2.4442253776513212e-14,0.1,59.799999952316284,11,4,10.0
1790515310400000,572,1,4.0,19.1333502,72.9133808,30.009,6.55,-1.25,0.01,100.82,3.0,19.1333502,72.9133808,30.009,6.67,12.0,0.05,0.0023298622382821313,1.7596820201144745,30.0,12.4,80.0,1,0,0,attack,mavlink_anomaly,0.006216574574950839,0.009308746344160268,0.6730373900868843,0.0,0.0,0.009999999999988915,0.1,59.90000009536743,11,3,10.0
1790515310500000,573,1,4.0,19.1333492,72.9133871,30.01,6.67,-1.11,0.01,99.44,3.0,19.1333492,72.9133871,30.01,6.76,12.0,0.05,-0.0004909312091303547,1.735687399023436,30.0,12.4,80.0,0,0,0,normal,none,0.00506737890747444,0.007483137244997034,0.6711056758647488,0.0,0.0,1.2221126888256606e-14,0.1,60.0,11,4,10.0
1790515310600000,574,1,4.0,19.1333483,72.9133936,30.012,6.78,-0.97,0.01,98.2,3.0,19.1333483,72.9133936,30.012,6.85,12.0,0.05,-0.0005080023771914676,1.7139693413682944,30.0,12.4,80.0,0,0,0,normal,none,0.005230949540527718,0.007626362091812867,0.6901345923984118,0.0,0.0,0.009999999999988915,0.1,60.09999990463257,11,4,10.0
1790515310700000,575,1,4.0,19.1333476,72.9134001,30.013,6.89,-0.85,0.0,97.04,3.0,19.1333476,72.9134001,30.013,6.94,12.0,0.05,0.0027089695914048026,1.6937281112313434,30.0,12.4,80.0,0,0,0,normal,none,0.006961218859650509,0.010012925040674473,0.6872620881533019,0.0,0.0,0.010000000000012221,0.1,60.200000047683716,11,4,10.0
1790515310800000,576,1,4.0,19.1333469,72.9134068,30.013,6.97,-0.73,0.0,96.04,3.0,19.1333469,72.9134068,30.013,7.0,12.0,0.05,0.003729279901996712,1.676235720785134,30.0,12.4,80.0,0,0,0,normal,none,0.007328985347517913,0.01044294101455511,0.7081413710828158,0.0,0.0,0.0,0.1,60.299999952316284,11,4,10.0
1790515310900000,577,1,4.0,19.1333463,72.9134135,30.013,7.05,-0.63,0.0,95.17,3.0,19.1333463,72.9134135,30.013,7.08,12.0,0.05,-0.0006816856189653016,1.6611997761795068,30.0,12.4,80.0,0,0,0,normal,none,0.00080374863786703,0.0011339420095158224,0.7070055477124989,0.0,0.0,0.0,0.1,60.40000009536743,11,3,10.0
1790515311000000,578,1,4.0,19.1333458,72.9134203,30.012,7.12,-0.55,-0.01,94.42,3.0,19.1333458,72.9134203,30.012,7.14,12.0,0.05,0.003105594371617665,1.6480305906511203,30.0,12.4,80.0,0,0,0,normal,none,0.002394989992095087,0.0033490689398160385,0.7165161281752468,0.0,0.0,1.2221126888256606e-14,0.1,60.5,11,4,10.0
1790515311100000,579,1,4.0,19.1333454,72.9134271,30.011,7.19,-0.47,0.0,93.73,3.0,19.1333454,72.9134271,30.011,7.21,12.0,0.05,-0.0011446199304922036,1.6360105202271342,30.0,12.4,80.0,0,0,0,normal,none,0.00479534050726238,0.006646030576542206,0.7157391833012781,0.0,0.0,0.010000000000012221,0.1,60.59999990463257,11,4,10.0
1790515311200000,580,1,4.0,19.1333451,72.913434,30.011,7.26,-0.37,0.0,92.97,3.0,19.1333451,72.913434,30.011,7.27,12.0,0.05,-0.002219391304810609,1.622686967609567,30.0,12.4,80.0,0,0,0,normal,none,0.0013139568189751705,0.0018050289871533807,0.7256282692210314,0.0,0.0,0.0,0.1,60.700000047683716,11,4,10.0
1790515311300000,581,1,4.0,19.1333448,72.913441,30.011,7.33,-0.3,0.0,92.37,3.0,19.1333448,72.913441,30.011,7.33,12.0,0.05,0.0007451651266342391,1.6123200225553445,30.0,12.4,80.0,0,0,0,normal,none,0.0025088991616466494,0.0034152634278876,0.7361225577040705,0.0,0.0,0.0,0.1,60.799999952316284,11,4,10.0
1790515311400000,582,1,4.0,19.1333446,72.9134481,30.01,7.39,-0.23,0.0,91.81,3.0,19.1333446,72.9134481,30.01,7.39,12.0,0.05,-0.00021700253185020024,1.602446020021178,30.0,12.4,80.0,0,0,0,normal,none,0.006845193803209693,0.00924579106308789,0.7462030232741634,0.0,0.0,0.009999999999976694,0.1,60.90000009536743,11,3,10.0
1790515311500000,583,1,4.0,19.1333444,72.9134551,30.01,7.43,-0.16,0.0,91.26,3.0,19.1333444,72.9134551,30.01,7.43,12.0,0.05,-4.301584434599453e-05,1.592793851409565,30.0,12.4,80.0,0,0,0,normal,none,0.007469729921601664,0.010037635608526767,0.7357025246735225,0.0,0.0,0.0,0.1,61.0,11,4,10.0
1790515311600000,584,1,4.0,19.1333444,72.9134622,30.01,7.47,-0.09,0.0,90.72,3.0,19.1333444,72.9134622,30.01,7.47,12.0,0.05,0.0017874284184772275,1.5834241990927527,30.0,12.4,80.0,0,0,0,normal,none,0.0011826555445352271,0.0015809757113569257,0.7458715593555616,0.0,0.0,0.0,0.1,61.09999990463257,11,4,10.0
1790515311700000,585,1,4.0,19.1333443,72.9134694,30.009,7.51,-0.03,0.0,90.23,3.0,19.1333443,72.9134694,30.009,7.51,12.0,0.05,-9.546459179142207e-05,1.5749562820515919,30.0,12.4,80.0,0,0,0,normal,none,0.005452529818896323,0.007250646772761893,0.7564585218056448,0.0,0.0,0.010000000000012221,0.1,61.200000047683716,11,4,10.0
1790515311800000,586,1,4.0,19.1333444,72.9134766,30.009,7.55,0.02,0.0,89.79,3.0,19.1333444,72.9134766,30.009,7.55,12.0,0.05,-0.0022505219362531,1.5672771206160854,30.0,12.4,80.0,0,0,0,normal,none,0.001455872345723641,0.0019257503232899876,0.756458521347699,0.0,0.0,0.0,0.1,61.299999952316284,11,4,10.0
1790515311900000,587,1,4.0,19.1333444,72.9134838,30.008,7.59,0.07,0.0,89.46,3.0,19.1333444,72.9134838,30.008,7.59,12.0,0.05,0.001822181917465808,1.5613719297168365,30.0,12.4,80.0,0,0,0,normal,none,0.0026554866733919935,0.003493913019304697,0.7563767919551259,0.0,0.0,0.010000000000012221,0.1,61.40000009536743,11,3,10.0
1790515312000000,588,1,4.0,19.1333445,72.9134911,30.007,7.61,0.12,-0.01,89.06,3.0,19.1333445,72.9134911,30.007,7.61,12.0,0.05,0.0026845352463871824,1.5544868125796578,30.0,12.4,80.0,0,0,0,normal,none,0.005868029047747525,0.00769986954102267,0.7669626355192428,0.0,0.0,2.3306009899748403e-14,0.1,61.5,11,4,10.0
1790515312100000,589,1,4.0,19.1333447,72.9134983,30.005,7.64,0.15,-0.01,88.81,3.0,19.1333447,72.9134983,30.005,7.64,12.0,0.05,0.0011839680459047497,1.5501366766494895,30.0,12.4,80.0,0,0,0,normal,none,0.00744358192173078,0.0097283000716782,0.7567036551994931,0.0,0.0,0.010000000000024442,0.1,61.59999990463257,11,4,10.0
1790515312200000,590,1,4.0,19.1333448,72.9135057,30.003,7.67,0.19,-0.01,88.53,3.0,19.1333448,72.9135057,30.003,7.67,12.0,0.05,0.00024976694979155406,1.5452769278638687,30.0,12.4,80.0,0,0,0,normal,none,0.010231481116592112,0.013318160679289258,0.7774667774892238,0.0,0.0,0.009999999999988915,0.1,61.700000047683716,11,4,10.0
1790515312300000,591,1,4.0,19.1333451,72.913513,30.001,7.69,0.23,-0.02,88.27,3.0,19.1333451,72.913513,30.001,7.7,12.0,0.05,0.0020050990038503256,1.5406212607507541,30.0,12.4,80.0,0,0,0,normal,none,0.0017366703322583277,0.00225440921345425,0.7676072059675405,0.0,0.0,1.1084883011491797e-14,0.1,61.799999952316284,11,4,10.0
1790515312400000,592,1,4.0,19.1333453,72.9135203,29.998,7.72,0.26,-0.02,88.06,3.0,19.1333453,72.9135203,29.998,7.72,12.0,0.05,0.0004165630507469993,1.5369894762478291,30.0,12.4,80.0,0,0,0,normal,none,0.005233288968580552,0.006766270858338728,0.76720441078461,0.0,0.0,0.010000000000001136,0.1,61.90000009536743,11,3,10.0
1790515312500000,593,1,4.0,19.1333455,72.9135277,29.995,7.73,0.28,-0.03,87.88,3.0,19.1333455,72.9135277,29.995,7.74,12.0,0.05,0.0022079354624868664,1.533946723265232,30.0,12.4,80.0,0,0,0,normal,none,0.004198338682027458,0.0054206597990866644,0.7777052875842336,0.0,0.0,1.1379786002407855e-15,0.1,62.0,11,4,10.0
1790515312600000,594,1,4.0,19.1333458,72.9135351,29.991,7.75,0.31,-0.03,87.66,3.0,19.1333458,72.9135351,29.991,7.76,12.0,0.05,-5.4784532241786196e-05,1.5300243397930435,30.0,12.4,80.0,0,0,0,normal,none,0.002482893803316566,0.003197052091823315,0.7781026460015185,0.0,0.0,0.01000000000001336,0.1,62.09999990463257,11,4,10.0
1790515312700000,595,1,4.0,19.1333461,72.9135425,29.989,7.76,0.34,-0.02,87.45,3.0,19.1333461,72.9135425,29.989,7.77,12.0,0.05,-0.0027269738864524585,1.5264447995595163,30.0,12.4,80.0,0,0,0,normal,none,0.0013581563578862754,0.0017462757736442882,0.7781026445906642,0.0,0.0,1.1084883011491797e-14,0.1,62.200000047683716,11,4,10.0
1790515312800000,596,1,4.0,19.1333465,72.9135499,29.986,7.78,0.37,-0.02,87.22,3.0,19.1333465,72.9135499,29.986,7.79,12.0,0.05,-0.00012960504593580134,1.5222846659689344,30.0,12.4,80.0,0,0,0,normal,none,0.00022071732955020185,0.00028301472164214496,0.7786586058008048,0.0,0.0,0.010000000000001136,0.1,62.299999952316284,11,4,10.0
1790515312900000,597,1,4.0,19.1333468,72.9135573,29.984,7.8,0.39,-0.01,87.07,3.0,19.1333468,72.9135573,29.984,7.81,12.0,0.05,-0.0018322803594655256,1.5196669052342222,30.0,12.4,80.0,0,0,0,normal,none,0.002871751561434155,0.003672436838175584,0.7781026398240966,0.0,0.0,0.009999999999988915,0.1,62.40000009536743,11,3,10.0
1790515313000000,598,1,4.0,19.1333472,72.9135648,29.983,7.81,0.42,-0.01,86.89,3.0,19.1333472,72.9135648,29.983,7.83,12.0,0.05,-0.0007354367922760198,1.5165819205596425,30.0,12.4,80.0,0,0,0,normal,none,0.007018406059101201,0.008962010710558436,0.7891469121244409,0.0,0.0,1.2221126888256606e-14,0.1,62.5,11,4,10.0
1790515313100000,599,1,4.0,19.1333476,72.9135722,29.981,7.83,0.44,-0.01,86.73,3.0,19.1333476,72.9135722,29.981,7.84,12.0,0.05,-0.00013893602616252152,1.513752268872129,30.0,12.4,80.0,0,0,0,normal,none,0.005576695669818443,0.007101942176984349,0.7786586006539316,0.0,0.0,0.009999999999988915,0.1,62.59999990463257,11,4,10.0
1790515313200000,600,1,4.0,19.133348,72.9135797,29.98,7.84,0.45,0.0,86.68,3.0,19.133348,72.9135797,29.98,7.85,12.0,0.05,-0.002175092896433963,1.5129015170656643,30.0,12.4,80.0,0,0,0,normal,none,0.003856514697608393,0.004904695181474851,0.7891469068456342,0.0,0.0,0.010000000000012221,0.1,62.700000047683716,11,4,10.0
1790515313300000,601,1,4.0,19.1333485,72.9135872,29.98,7.85,0.46,0.0,86.6,3.0,19.1333485,72.9135872,29.98,7.87,12.0,0.05,-0.0011176822882225023,1.51148435737124,30.0,12.4,80.0,0,0,0,normal,none,0.003505031684140736,0.004451700959035947,0.7898516473696157,0.0,0.0,0.0,0.1,62.799999952316284,11,4,10.0
1790515313400000,602,1,4.0,19.1333489,72.9135947,29.98,7.87,0.48,0.0,86.47,3.0,19.1333489,72.9135947,29.98,7.89,12.0,0.05,-0.0012824714758167786,1.509275646736634,30.0,12.4,80.0,0,0,0,normal,none,0.0006844762824093076,0.000867015653101416,0.7891469040492624,0.0,0.0,0.0,0.1,62.90000009536743,11,3,10.0
1790515313500000,603,1,4.0,19.1333493,72.9136022,29.98,7.88,0.5,0.0,86.36,3.0,19.1333493,72.9136022,29.98,7.9,12.0,0.05,-0.0017846093527857632,1.5073039498995346,30.0,12.4,80.0,0,0,0,normal,none,0.0004378003350682391,0.0005537677803948746,0.7891469006312055,0.0,0.0,0.0,0.1,63.0,11,4,10.0
1790515313600000,604,1,4.0,19.1333498,72.9136097,29.98,7.89,0.51,0.0,86.27,3.0,19.1333498,72.9136097,29.98,7.91,12.0,0.05,0.0023996212917648326,1.5058123709641738,30.0,12.4,80.0,0,0,0,normal,none,0.0007949296411989826,0.0010041471414996039,0.7898516412107842,0.0,0.0,0.0,0.1,63.09999990463257,11,4,10.0
1790515313700000,605,1,4.0,19.1333503,72.9136172,29.98,7.89,0.52,0.0,86.19,3.0,19.1333503,72.9136172,29.98,7.91,12.0,0.05,0.0005452632302215638,1.5044442013015615,30.0,12.4,80.0,0,0,0,normal,none,0.0008600644392016132,0.0010863353845360648,0.7898516402926812,0.0,0.0,0.0,0.1,63.200000047683716,11,4,10.0
1790515313800000,606,1,4.0,19.1333507,72.9136247,29.979,7.9,0.52,0.0,86.18,3.0,19.1333507,72.9136247,29.979,7.92,12.0,0.05,-8.21679675693263e-05,1.5041352692118257,30.0,12.4,80.0,0,0,0,normal,none,0.0025626487135963494,0.0032327713690344212,0.789146893984987,0.0,0.0,0.010000000000012221,0.1,63.299999952316284,11,4,10.0
1790515313900000,607,1,4.0,19.1333512,72.9136323,29.979,7.91,0.54,0.0,86.07,3.0,19.1333512,72.9136323,29.979,7.93,12.0,0.05,-3.3187682292180266e-05,1.5022532744777355,30.0,12.4,80.0,0,0,0,normal,none,0.0074900584515263935,0.009435211291191261,0.8003311522401872,0.0,0.0,0.0,0.1,63.40000009536743,11,3,10.0
1790515314000000,608,1,4.0,19.1333517,72.9136398,29.979,7.92,0.55,0.0,86.01,3.0,19.1333517,72.9136398,29.979,7.94,12.0,0.05,-0.0011087063970922023,1.5012061781504011,30.0,12.4,80.0,0,0,0,normal,none,0.0040557931927432955,0.005102220791358986,0.7898516321409665,0.0,0.0,0.0,0.1,63.5,11,4,10.0
1790515314100000,609,1,4.0,19.1333522,72.9136474,29.978,7.92,0.56,0.0,85.95,3.0,19.1333522,72.9136474,29.978,7.94,12.0,0.05,0.002694110780802376,1.5001445576846315,30.0,12.4,80.0,0,0,0,normal,none,0.006353817793743444,0.007992451553972569,0.8003311474449119,0.0,0.0,0.009999999999976694,0.1,63.59999990463257,11,4,10.0
1790515314200000,610,1,4.0,19.1333528,72.9136549,29.976,7.92,0.57,-0.01,85.86,3.0,19.1333528,72.9136549,29.976,7.94,12.0,0.05,0.0012023710768024817,1.4986342956915175,30.0,12.4,80.0,0,0,0,normal,none,0.0033363607891124802,0.00419642429724946,0.7907121263953919,0.0,0.0,0.010000000000024442,0.1,63.700000047683716,11,4,10.0
1790515314300000,611,1,4.0,19.1333533,72.9136624,29.976,7.92,0.59,0.0,85.74,3.0,19.1333533,72.9136624,29.976,7.95,12.0,0.05,-0.0015997511806289243,1.4964663026000133,30.0,12.4,80.0,0,0,0,normal,none,0.004342934529640852,0.005461474141198631,0.7898516260158215,0.0,0.0,0.0,0.1,63.799999952316284,11,4,10.0
1790515314400000,612,1,4.0,19.1333538,72.91367,29.976,7.93,0.6,0.0,85.66,3.0,19.1333538,72.91367,29.976,7.95,12.0,0.05,-0.0027019597877938014,1.4950659302670861,30.0,12.4,80.0,0,0,0,normal,none,0.005064516254149387,0.006360327200075045,0.8003311382118423,0.0,0.0,0.0,0.1,63.90000009536743,11,3,10.0
1790515314500000,613,1,4.0,19.1333544,72.9136775,29.976,7.93,0.61,0.0,85.57,3.0,19.1333544,72.9136775,29.976,7.95,12.0,0.05,-0.0004572492217218092,1.4936339407414319,30.0,12.4,80.0,0,0,0,normal,none,0.00463057312447912,0.005814799536248513,0.7907121203102441,0.0,0.0,0.0,0.1,64.0,11,4,10.0
1790515314600000,614,1,4.0,19.1333549,72.9136851,29.976,7.94,0.61,0.0,85.58,3.0,19.1333549,72.9136851,29.976,7.96,12.0,0.05,0.00035060624716340725,1.4937674551503894,30.0,12.4,80.0,0,0,0,normal,none,0.003991381293257712,0.005005872697529838,0.8003311329068514,0.0,0.0,0.0,0.1,64.09999990463257,11,4,10.0
1790515314700000,615,1,4.0,19.1333555,72.9136927,29.976,7.93,0.61,0.0,85.56,3.0,19.1333555,72.9136927,29.976,7.96,12.0,0.05,0.0009945962339067966,1.4933402903890969,30.0,12.4,80.0,0,0,0,normal,none,0.005837682232671559,0.007330615676892725,0.8011803756673948,0.0,0.0,0.0,0.1,64.20000004768372,11,4,10.0
1790515314800000,616,1,4.0,19.133356,72.9137002,29.975,7.94,0.61,0.0,85.57,3.0,19.133356,72.9137002,29.975,7.96,12.0,0.05,0.0009608099117099198,1.49349913932186,30.0,12.4,80.0,0,0,0,normal,none,0.00648813993612829,0.008137233748848092,0.7898516116774654,0.0,0.0,0.009999999999976694,0.1,64.29999995231628,11,4,10.0
1790515314900000,617,1,4.0,19.1333566,72.9137078,29.975,7.94,0.61,0.0,85.55,3.0,19.1333566,72.9137078,29.975,7.97,12.0,0.05,0.000730831970309229,1.4931676696724059,30.0,12.4,80.0,0,0,0,normal,none,0.004840618754432979,0.006070961274208283,0.8011803703680267,0.0,0.0,0.0,0.1,64.40000009536743,11,3,10.0
1790515315000000,618,1,4.0,19.1333572,72.9137154,29.975,7.95,0.62,0.0,85.53,3.0,19.1333572,72.9137154,29.975,7.98,12.0,0.05,-0.0024433331468068455,1.4928682326452452,30.0,12.4,80.0,0,0,0,normal,none,0.003766422277103998,0.004717380376114087,0.8011803674774622,0.0,0.0,0.0,0.1,64.5,11,4,10.0
1790515315100000,619,1,4.0,19.1333577,72.9137229,29.975,7.95,0.61,0.0,85.6,3.0,19.1333577,72.9137229,29.975,7.97,12.0,0.05,-0.0001730198563997506,1.494097170813013,30.0,12.4,80.0,0,0,0,normal,none,0.007485213545678215,0.009376009454630012,0.7898516036150497,0.0,0.0,0.0,0.1,64.59999990463257,11,4,10.0
1790515315200000,620,1,4.0,19.1333583,72.9137305,29.974,7.95,0.62,0.0,85.51,3.0,19.1333583,72.9137305,29.974,7.97,12.0,0.05,0.0014425519122229851,1.4925192145813322,30.0,12.4,80.0,0,0,0,normal,none,0.0037664169777352763,0.004717373738744144,0.8011803621780935,0.0,0.0,0.010000000000012221,0.1,64.70000004768372,11,4,10.0
1790515315300000,621,1,4.0,19.1333588,72.9137381,29.974,7.95,0.62,0.0,85.52,3.0,19.1333588,72.9137381,29.974,7.98,12.0,0.05,-0.0007752460751357458,1.492688052931509,30.0,12.4,80.0,0,0,0,normal,none,0.002917170387163659,0.003653706707780021,0.8003311155875219,0.0,0.0,0.0,0.1,64.79999995231628,11,4,10.0
1790515315400000,622,1,4.0,19.1333594,72.9137457,29.974,7.96,0.62,0.0,85.48,3.0,19.1333594,72.9137457,29.974,7.98,12.0,0.05,0.0010597717411183873,1.492054216616464,30.0,12.4,80.0,0,0,0,normal,none,0.002769435109739926,0.0034643448498446238,0.8011803568787248,0.0,0.0,0.0,0.1,64.90000009536743,11,3,10.0
1790515315500000,623,1,4.0,19.13336,72.9137533,29.974,7.96,0.63,0.0,85.4,3.0,19.13336,72.9137533,29.974,7.99,12.0,0.05,-0.0015672744753013898,1.490672022447904,30.0,12.4,80.0,0,0,0,normal,none,0.0026911540763376873,0.0033660918517000988,0.8011803525004617,0.0,0.0,0.0,0.1,65.0,11,4,10.0
1790515315600000,624,1,4.0,19.1333605,72.9137608,29.974,7.96,0.63,0.0,85.43,3.0,19.1333605,72.9137608,29.974,7.98,12.0,0.05,-0.00013958841811303547,1.4910689738254737,30.0,12.4,80.0,0,0,0,normal,none,0.008637606672775022,0.01080390665665107,0.789851591751349,0.0,0.0,0.0,0.1,65.09999990463257,11,4,10.0
1790515315700000,625,1,4.0,19.1333611,72.9137684,29.974,7.96,0.64,0.0,85.4,3.0,19.1333611,72.9137684,29.974,7.99,12.0,0.05,0.0011212033568249258,1.4905312549028151,30.0,12.4,80.0,0,0,0,normal,none,0.0026116275532465094,0.0032662953027936714,0.8011803472010925,0.0,0.0,0.0,0.1,65.20000004768372,11,4,10.0
1790515315800000,626,1,4.0,19.1333617,72.913776,29.973,7.96,0.64,0.0,85.35,3.0,19.1333617,72.913776,29.973,7.99,12.0,0.05,-2.159876772232138e-05,1.4896788231561708,30.0,12.4,80.0,0,0,0,normal,none,0.0026116261503794647,0.0032662935482639975,0.8011803457982255,0.0,0.0,0.010000000000012221,0.1,65.29999995231628,11,4,10.0
1790515315900000,627,1,4.0,19.1333623,72.9137836,29.973,7.95,0.64,0.0,85.35,3.0,19.1333623,72.9137836,29.973,7.98,12.0,0.05,-0.0009740532533684725,1.489791034120315,30.0,12.4,80.0,0,0,0,normal,none,0.0036084026116608436,0.004518569247718251,0.8011803429405568,0.0,0.0,0.0,0.1,65.40000009536743,11,3,10.0
1790515316000000,628,1,4.0,19.1333629,72.9137912,29.974,7.96,0.64,0.0,85.35,3.0,19.1333629,72.9137912,29.974,7.98,12.0,0.05,-0.0008464732027995784,1.489783816893367,30.0,12.4,80.0,0,0,0,normal,none,0.0026116203692487794,0.003266286317952777,0.8011803400170948,0.0,0.0,0.010000000000012221,0.1,65.5,11,4,10.0
1790515316100000,629,1,4.0,19.1333634,72.9137987,29.974,7.96,0.64,0.0,85.38,3.0,19.1333634,72.9137987,29.974,7.98,12.0,0.05,-0.0014043389103870093,1.4901801761232853,30.0,12.4,80.0,0,0,0,normal,none,0.008717143186648846,0.010902306421502002,0.7898515764611972,0.0,0.0,0.0,0.1,65.59999990463257,11,4,10.0
1790515316200000,630,1,4.0,19.133364,72.9138063,29.976,7.96,0.64,0.01,85.37,3.0,19.133364,72.9138063,29.976,7.98,12.0,0.05,-0.002754481389137775,1.4900738462895464,30.0,12.4,80.0,0,0,0,normal,none,0.0026116150698787255,0.0032662796901671677,0.8011803347177248,0.0,0.0,0.009999999999988915,0.1,65.70000004768372,11,4,10.0
1790515316300000,631,1,4.0,19.1333646,72.9138139,29.977,7.96,0.64,0.0,85.34,3.0,19.1333646,72.9138139,29.977,7.99,12.0,0.05,0.0024473009007761424,1.4895606422054044,30.0,12.4,80.0,0,0,0,normal,none,0.002611610691615085,0.003266274214385621,0.8011803303394611,0.0,0.0,0.010000000000012221,0.1,65.79999995231628,11,4,10.0
1790515316400000,632,1,4.0,19.1333652,72.9138215,29.978,7.97,0.65,0.0,85.32,3.0,19.1333652,72.9138215,29.978,7.99,12.0,0.05,0.0009778354448979148,1.4892780938621435,30.0,12.4,80.0,0,0,0,normal,none,0.0015341571831110068,0.0019161487773695007,0.8011803289365935,0.0,0.0,0.010000000000012221,0.1,65.90000009536743,11,3,10.0
1790515316500000,633,1,4.0,19.1333658,72.9138291,29.977,7.96,0.66,0.0,85.24,3.0,19.1333658,72.9138291,29.977,7.98,12.0,0.05,0.0020776723046670243,1.4877461841623782,30.0,12.4,80.0,0,0,0,normal,none,0.002448831737708823,0.003062067400292641,0.8011803260460277,0.0,0.0,0.010000000000012221,0.1,66.0,11,4,10.0
1790515316600000,634,1,4.0,19.1333664,72.9138366,29.977,7.97,0.66,0.0,85.23,3.0,19.1333664,72.9138366,29.977,7.99,12.0,0.05,0.0014786086663467275,1.4875512412582348,30.0,12.4,80.0,0,0,0,normal,none,0.009016017042747682,0.011259773800374559,0.790712061744036,0.0,0.0,0.0,0.1,66.09999990463257,11,4,10.0
1790515316700000,635,1,4.0,19.133367,72.9138442,29.976,7.97,0.66,0.0,85.25,3.0,19.133367,72.9138442,29.976,8.0,12.0,0.05,0.0010738109517284297,1.4879225337552293,30.0,12.4,80.0,0,0,0,normal,none,0.0014522414781121817,0.0018136512463913256,0.8011803202648958,0.0,0.0,0.010000000000012221,0.1,66.20000004768372,11,4,10.0
1790515316800000,636,1,4.0,19.1333676,72.9138518,29.975,7.97,0.66,-0.01,85.25,3.0,19.1333676,72.9138518,29.975,7.99,12.0,0.05,0.0011008360895225647,1.4879304662441106,30.0,12.4,80.0,0,0,0,normal,none,0.001452238587546284,0.001813647636469338,0.8011803173743299,0.0,0.0,2.3306009899748403e-14,0.1,66.29999995231628,11,4,10.0
1790515316900000,637,1,4.0,19.1333682,72.9138594,29.974,7.97,0.66,0.0,85.22,3.0,19.1333682,72.9138594,29.974,8.0,12.0,0.05,-0.001996430664470681,1.48740755674696,30.0,12.4,80.0,0,0,0,normal,none,0.0014522356969800532,0.0018136440265469342,0.8011803144837637,0.0,0.0,0.010000000000012221,0.1,66.40000009536743,11,3,10.0
1790515317000000,638,1,4.0,19.1333688,72.913867,29.973,7.96,0.66,-0.01,85.21,3.0,19.1333688,72.913867,29.973,7.99,12.0,0.05,0.0017353444356681506,1.4873566130562206,30.0,12.4,80.0,0,0,0,normal,none,0.0024488157971807034,0.0030620474679425545,0.8011803101054996,0.0,0.0,1.2221126888256606e-14,0.1,66.5,11,4,10.0
1790515317100000,639,1,4.0,19.1333694,72.9138746,29.971,7.97,0.67,-0.01,85.16,3.0,19.1333694,72.9138746,29.971,8.0,12.0,0.05,0.0001392669238302769,1.4864861380390266,30.0,12.4,80.0,0,0,0,normal,none,0.0013690809744878463,0.0017096176066010618,0.8011803087026312,0.0,0.0,0.009999999999988915,0.1,66.59999990463257,11,4,10.0
1790515317200000,640,1,4.0,19.13337,72.9138822,29.97,7.98,0.67,-0.01,85.18,3.0,19.13337,72.9138822,29.97,8.0,12.0,0.05,0.0005882744483661579,1.4868246266719536,30.0,12.4,80.0,0,0,0,normal,none,0.0003725885665328832,0.00046468568276300087,0.8011803058120649,0.0,0.0,1.2221126888256606e-14,0.1,66.70000004768372,11,4,10.0
1790515317300000,641,1,4.0,19.1333706,72.9138898,29.969,7.97,0.67,-0.01,85.18,3.0,19.1333706,72.9138898,29.969,8.0,12.0,0.05,-0.0009458620703970146,1.4866805263548877,30.0,12.4,80.0,0,0,0,normal,none,0.0013690751933550516,0.0017096103875054813,0.8011803029214984,0.0,0.0,2.3306009899748403e-14,0.1,66.79999995231628,11,4,10.0
1790515317400000,642,1,4.0,19.1333712,72.9138974,29.968,7.97,0.67,0.0,85.15,3.0,19.1333712,72.9138974,29.968,8.0,12.0,0.05,-0.0011945311879909262,1.4862099125158599,30.0,12.4,80.0,0,0,0,normal,none,0.0013690708150905229,0.0017096049202188386,0.8011802985432339,0.0,0.0,0.010000000000012221,0.1,66.90000009536743,11,3,10.0
1790515317500000,643,1,4.0,19.1333718,72.913905,29.968,7.98,0.67,0.0,85.17,3.0,19.1333718,72.913905,29.968,8.01,12.0,0.05,-0.0017698907156547055,1.4866331428165402,30.0,12.4,80.0,0,0,0,normal,none,0.00037257989483319154,0.0004646748675768844,0.8011802971403652,0.0,0.0,0.0,0.1,67.0,11,4,10.0
1790515317600000,644,1,4.0,19.1333724,72.9139126,29.968,7.98,0.67,0.0,85.14,3.0,19.1333724,72.9139126,29.968,8.01,12.0,0.05,-0.0011896539753721987,1.485986228831867,30.0,12.4,80.0,0,0,0,normal,none,0.00037257700426651663,0.00046467126251470707,0.8011802942497985,0.0,0.0,0.0,0.1,67.09999990463257,11,4,10.0
1790515317700000,645,1,4.0,19.133373,72.9139202,29.968,7.97,0.68,0.0,85.11,3.0,19.133373,72.9139202,29.968,7.99,12.0,0.05,0.0018433832532196038,1.48549689194093,30.0,12.4,80.0,0,0,0,normal,none,0.0012846731689579727,0.001604045695568739,0.8011802913592316,0.0,0.0,0.0,0.1,67.20000004768372,11,4,10.0
1790515317800000,646,1,4.0,19.1333736,72.9139277,29.967,7.97,0.68,0.0,85.09,3.0,19.1333736,72.9139277,29.967,8.0,12.0,0.05,-0.0001653554545820068,1.4852221528197176,30.0,12.4,80.0,0,0,0,normal,none,0.009183590673443875,0.011466651165098613,0.7907120275168298,0.0,0.0,0.010000000000012221,0.1,67.29999995231628,11,4,10.0
1790515317900000,647,1,4.0,19.1333743,72.9139353,29.968,7.97,0.68,0.0,85.07,3.0,19.1333743,72.9139353,29.968,8.0,12.0,0.05,-0.002295831505781596,1.4848836603152245,30.0,12.4,80.0,0,0,0,normal,none,0.002287160090049145,0.0028557530321083246,0.8021827782803228,0.0,0.0,0.010000000000012221,0.1,67.40000009536743,11,3,10.0
1790515318000000,648,1,4.0,19.1333749,72.9139429,29.968,7.97,0.69,0.0,85.04,3.0,19.1333749,72.9139429,29.968,8.0,12.0,0.05,0.0007384860627301223,1.484284341123142,30.0,12.4,80.0,0,0,0,normal,none,0.0011990309378032693,0.0014969525667825523,0.8011802807180716,0.0,0.0,0.0,0.1,67.5,11,4,10.0
1790515318100000,649,1,4.0,19.1333755,72.9139505,29.968,7.97,0.68,0.0,85.05,3.0,19.1333755,72.9139505,29.968,8.0,12.0,0.05,-0.00012473641192975397,1.4844830625957621,30.0,12.4,80.0,0,0,0,normal,none,0.0012846611249286433,0.0016040306573676852,0.8011802793152023,0.0,0.0,0.0,0.1,67.59999990463257,11,4,10.0
1790515318200000,650,1,4.0,19.1333761,72.9139581,29.968,7.97,0.68,0.0,85.06,3.0,19.1333761,72.9139581,29.968,8.0,12.0,0.05,0.0018148305241125111,1.4846309370760093,30.0,12.4,80.0,0,0,0,normal,none,0.0012846582343614132,0.0016040270481991938,0.8011802764246351,0.0,0.0,0.0,0.1,67.70000004768372,11,4,10.0
1790515318300000,651,1,4.0,19.1333767,72.9139657,29.967,7.98,0.68,0.0,85.06,3.0,19.1333767,72.9139657,29.967,8.01,12.0,0.05,-8.428128000142824e-05,1.484654091283501,30.0,12.4,80.0,0,0,0,normal,none,0.0002882708270860457,0.000359488342710636,0.8011802735340677,0.0,0.0,0.010000000000012221,0.1,67.79999995231628,11,4,10.0
1790515318400000,652,1,4.0,19.1333774,72.9139733,29.967,7.98,0.68,0.0,85.07,3.0,19.1333774,72.9139733,29.967,8.01,12.0,0.05,0.00040829209529308314,1.4848939115244657,30.0,12.4,80.0,0,0,0,normal,none,0.0012907591715686229,0.0016096421553168643,0.8021827618785503,0.0,0.0,0.0,0.1,67.90000009536743,11,3,10.0
1790515318500000,653,1,4.0,19.133378,72.9139809,29.967,7.99,0.68,0.0,85.09,3.0,19.133378,72.9139809,29.967,8.02,12.0,0.05,-0.003055774335921369,1.4851425691870663,30.0,12.4,80.0,0,0,0,normal,none,0.0007081289536399193,0.0008819768189072706,0.8011802672711714,0.0,0.0,0.0,0.1,68.0,11,4,10.0
1790515318600000,654,1,4.0,19.1333786,72.9139885,29.967,8.0,0.68,0.0,85.14,3.0,19.1333786,72.9139885,29.967,8.03,12.0,0.05,0.002129448193601532,1.4860003014354044,30.0,12.4,80.0,0,0,0,normal,none,0.0017045343296470117,0.002120371391997658,0.8011802643806039,0.0,0.0,0.0,0.1,68.09999990463257,11,4,10.0
1790515318700000,655,1,4.0,19.1333792,72.9139962,29.967,8.0,0.68,0.0,85.09,3.0,19.1333792,72.9139962,29.967,8.03,12.0,0.05,0.0006839267288350364,1.4851896370922635,30.0,12.4,80.0,0,0,0,normal,none,0.008764677246289154,0.010902902082924272,0.81164947595654,0.0,0.0,0.0,0.1,68.20000004768372,11,4,10.0
1790515318800000,656,1,4.0,19.1333798,72.9140038,29.967,7.99,0.67,0.0,85.14,3.0,19.1333798,72.9140038,29.967,8.02,12.0,0.05,-0.002421484409426296,1.4859940946126293,30.0,12.4,80.0,0,0,0,normal,none,0.0006239569045412008,0.0007772217590430484,0.8011802585994683,0.0,0.0,0.0,0.1,68.29999995231628,11,4,10.0
1790515318900000,657,1,4.0,19.1333804,72.9140114,29.968,7.99,0.67,0.0,85.16,3.0,19.1333804,72.9140114,29.968,8.02,12.0,0.05,-0.001662659548697052,1.4864317985293218,30.0,12.4,80.0,0,0,0,normal,none,0.0006239597951090969,0.0007772253596318848,0.8011802557089004,0.0,0.0,0.010000000000012221,0.1,68.40000009536743,11,3,10.0
1790515319000000,658,1,4.0,19.133381,72.914019,29.968,7.99,0.67,0.0,85.15,3.0,19.133381,72.914019,29.968,8.02,12.0,0.05,0.001486687359559529,1.4862432413201523,30.0,12.4,80.0,0,0,0,normal,none,0.0006239641733749579,0.0007772308133474688,0.8011802513306345,0.0,0.0,0.0,0.1,68.5,11,4,10.0
1790515319100000,659,1,4.0,19.1333816,72.9140266,29.969,7.99,0.67,0.0,85.16,3.0,19.1333816,72.9140266,29.969,8.01,12.0,0.05,0.00018149415175224633,1.4864908425072108,30.0,12.4,80.0,0,0,0,normal,none,0.0006239655762451113,0.0007772325608098342,0.8011802499277644,0.0,0.0,0.010000000000012221,0.1,68.59999990463257,11,4,10.0
1790515319200000,660,1,4.0,19.1333822,72.9140342,29.969,7.99,0.67,0.0,85.14,3.0,19.1333822,72.9140342,29.969,8.02,12.0,0.05,0.0016808199080339907,1.4861001493778154,30.0,12.4,80.0,0,0,0,normal,none,0.0006239684668133405,0.0007772361613990854,0.8011802470371961,0.0,0.0,0.0,0.1,68.70000004768372,11,4,10.0
1790515319300000,661,1,4.0,19.1333829,72.9140418,29.969,7.98,0.68,0.0,85.12,3.0,19.1333829,72.9140418,29.969,8.01,12.0,0.05,-0.0012238704174851584,1.4856921813675315,30.0,12.4,80.0,0,0,0,normal,none,0.0012907341936482242,0.0016096110065832265,0.8021827369006299,0.0,0.0,0.0,0.1,68.79999995231628,11,4,10.0
1790515319400000,662,1,4.0,19.1333835,72.9140494,29.968,7.98,0.67,0.0,85.15,3.0,19.1333835,72.9140494,29.968,8.01,12.0,0.05,0.002265696636487551,1.486189241569706,30.0,12.4,80.0,0,0,0,normal,none,0.00037252204106830167,0.0004646027134136785,0.8011802392866003,0.0,0.0,0.010000000000012221,0.1,68.90000009536743,11,3,10.0
1790515319500000,663,1,4.0,19.1333841,72.914057,29.968,7.98,0.68,0.0,85.12,3.0,19.1333841,72.914057,29.968,8.01,12.0,0.05,-0.0011976824604721474,1.485768047925554,30.0,12.4,80.0,0,0,0,normal,none,0.0002882351767480307,0.0003594438849309167,0.8011802378837297,0.0,0.0,0.0,0.1,69.0,11,4,10.0
1790515319600000,664,1,4.0,19.1333847,72.9140646,29.968,7.98,0.67,0.0,85.14,3.0,19.1333847,72.9140646,29.968,8.01,12.0,0.05,-0.0005448329662686909,1.4860020508081677,30.0,12.4,80.0,0,0,0,normal,none,0.00037251774762925294,0.00046459735871459494,0.8011802349931613,0.0,0.0,0.0,0.1,69.09999990463257,11,4,10.0
1790515319700000,665,1,4.0,19.1333853,72.9140722,29.967,7.98,0.67,0.0,85.15,3.0,19.1333853,72.9140722,29.967,8.01,12.0,0.05,0.002969527335987167,1.4861587100857199,30.0,12.4,80.0,0,0,0,normal,none,0.0003725148570608017,0.0004645937536502022,0.8011802321025928,0.0,0.0,0.010000000000012221,0.1,69.20000004768372,11,4,10.0
1790515319800000,666,1,4.0,19.1333859,72.9140798,29.967,7.98,0.68,0.0,85.12,3.0,19.1333859,72.9140798,29.967,8.01,12.0,0.05,-0.0017836916137704342,1.485724912610165,30.0,12.4,80.0,0,0,0,normal,none,0.00028822501734449,0.0003594312156394082,0.8011802277243262,0.0,0.0,0.0,0.1,69.29999995231628,11,4,10.0
1790515319900000,667,1,4.0,19.1333865,72.9140874,29.967,7.97,0.68,0.0,85.05,3.0,19.1333865,72.9140874,29.967,8.0,12.0,0.05,-0.0024791822516334106,1.4845622579019544,30.0,12.4,80.0,0,0,0,normal,none,0.001284608131181586,0.001603964489260564,0.8011802263214552,0.0,0.0,0.0,0.1,69.40000009536743,11,3,10.0
1790515320000000,668,1,4.0,19.1333871,72.914095,29.968,7.97,0.68,0.0,85.08,3.0,19.1333871,72.914095,29.968,8.0,12.0,0.05,-0.0014632914463773767,1.4849280062450723,30.0,12.4,80.0,0,0,0,normal,none,0.0012846052406126907,0.0016039608800899935,0.8011802234308864,0.0,0.0,0.010000000000012221,0.1,69.5,11,4,10.0
1790515320100000,669,1,4.0,19.1333878,72.9141026,29.969,7.97,0.68,0.0,85.09,3.0,19.1333878,72.9141026,29.969,7.99,12.0,0.05,0.000712978544359466,1.4851938630060357,30.0,12.4,80.0,0,0,0,normal,none,0.002287095133546635,0.0028556719272788875,0.8021827133238203,0.0,0.0,0.010000000000012221,0.1,69.59999990463257,11,4,10.0
1790515320200000,670,1,4.0,19.1333884,72.9141102,29.97,7.96,0.69,0.0,85.04,3.0,19.1333884,72.9141102,29.97,7.99,12.0,0.05,0.00044940313466895445,1.4843473909413196,30.0,12.4,80.0,0,0,0,normal,none,0.002195234594912221,0.0027440947602964294,0.8011802156802891,0.0,0.0,0.009999999999976694,0.1,69.70000004768372,11,4,10.0
1790515320300000,671,1,4.0,19.133389,72.9141178,29.971,7.96,0.69,0.01,85.01,3.0,19.133389,72.9141178,29.971,7.99,12.0,0.05,-0.0024849904066640872,1.4837345367931432,30.0,12.4,80.0,0,0,0,normal,none,0.0021952331920408463,0.0027440930066742896,0.8011802142774177,0.0,0.0,1.2221126888256606e-14,0.1,69.79999995231628,11,4,10.0
1790515320400000,672,1,4.0,19.1333896,72.9141253,29.973,7.96,0.69,0.01,85.03,3.0,19.1333896,72.9141253,29.973,7.99,12.0,0.05,-0.0005655571523090184,1.4841608032456495,30.0,12.4,80.0,0,0,0,normal,none,0.008273029629049855,0.010341481183591036,0.790711951456327,0.0,0.0,0.009999999999988915,0.1,69.90000009536743,11,3,10.0
1790515320500000,673,1,4.0,19.1333903,72.9141329,29.975,7.97,0.68,0.02,85.07,3.0,19.1333903,72.9141329,29.975,8.0,12.0,0.05,-0.003909316407217747,1.4847920381539337,30.0,12.4,80.0,0,0,0,normal,none,0.002287083066228379,0.00285565685999923,0.802182701256502,0.0,0.0,2.4442253776513212e-14,0.1,70.0,11,4,10.0
1790515320600000,674,1,4.0,19.1333909,72.9141405,29.978,7.96,0.69,0.02,85.03,3.0,19.1333909,72.9141405,29.978,7.99,12.0,0.05,0.0014167689943761234,1.484171908221507,30.0,12.4,80.0,0,0,0,normal,none,0.0021952240385713084,0.002744081564622558,0.8011802051239482,0.0,0.0,0.010000000000001136,0.1,70.09999990463257,11,4,10.0
1790515320700000,675,1,4.0,19.1333915,72.9141481,29.98,7.97,0.7,0.02,84.97,3.0,19.1333915,72.9141481,29.98,8.0,12.0,0.05,0.0008362341064499514,1.4830229331965388,30.0,12.4,80.0,0,0,0,normal,none,0.0011120801337665132,0.0013882466460551864,0.8011802022333787,0.0,0.0,1.1084883011491797e-14,0.1,70.20000004768372,11,4,10.0
1790515320800000,676,1,4.0,19.1333921,72.9141557,29.982,7.96,0.7,0.02,84.95,3.0,19.1333921,72.9141557,29.982,7.99,12.0,0.05,4.072730416825324e-05,1.482713059895798,30.0,12.4,80.0,0,0,0,normal,none,0.002108236139522157,0.0026350581452716823,0.8011801978551114,0.0,0.0,1.1084883011491797e-14,0.1,70.29999995231628,11,4,10.0
1790515320900000,677,1,4.0,19.1333928,72.9141633,29.984,7.95,0.71,0.01,84.89,3.0,19.1333928,72.9141633,29.984,7.98,12.0,0.05,0.0008556273813109019,1.4817336659947995,30.0,12.4,80.0,0,0,0,normal,none,0.004018545746481084,0.005028435996620402,0.8021826892658451,0.0,0.0,0.010000000000024442,0.1,70.40000009536743,11,3,10.0
1790515321000000,678,1,4.0,19.1333934,72.9141708,29.986,7.95,0.71,0.01,84.84,3.0,19.1333934,72.9141708,29.986,7.98,12.0,0.05,-0.00027810483845820574,1.4808140189519854,30.0,12.4,80.0,0,0,0,normal,none,0.007452210127415482,0.009325005617240773,0.7907119333919486,0.0,0.0,0.009999999999988915,0.1,70.5,11,4,10.0
1790515321100000,679,1,4.0,19.1333941,72.9141784,29.989,7.95,0.71,0.02,84.85,3.0,19.1333941,72.9141784,29.989,7.98,12.0,0.05,-0.0031177089248661215,1.4809307489837635,30.0,12.4,80.0,0,0,0,normal,none,0.004018539491406514,0.005028428169599358,0.8021826830107706,0.0,0.0,0.010000000000001136,0.1,70.59999990463257,11,4,10.0
1790515321200000,680,1,4.0,19.1333947,72.914186,29.99,7.95,0.7,0.01,84.91,3.0,19.1333947,72.914186,29.99,7.98,12.0,0.05,0.0045665087242041415,1.4820565251483686,30.0,12.4,80.0,0,0,0,normal,none,0.0031043758817295153,0.0038849578966681565,0.8011801868170065,0.0,0.0,2.3306009899748403e-14,0.1,70.70000004768372,11,4,10.0
1790515321300000,681,1,4.0,19.1333953,72.9141935,29.991,7.95,0.71,0.01,84.87,3.0,19.1333953,72.9141935,29.991,7.98,12.0,0.05,0.0010848047969089496,1.4814145395371099,30.0,12.4,80.0,0,0,0,normal,none,0.007452219159605922,0.009325016919287435,0.7907119243597581,0.0,0.0,1.2221126888256606e-14,0.1,70.79999995231628,11,4,10.0
1790515321400000,682,1,4.0,19.133396,72.9142011,29.993,7.95,0.71,0.01,84.85,3.0,19.133396,72.9142011,29.993,7.98,12.0,0.05,-0.0008734325953405514,1.48095264027173,30.0,12.4,80.0,0,0,0,normal,none,0.004018530349373939,0.005028416730106421,0.802182673868738,0.0,0.0,0.009999999999988915,0.1,70.90000009536743,11,3,10.0
1790515321500000,683,1,4.0,19.1333966,72.9142087,29.994,7.95,0.71,0.01,84.87,3.0,19.1333966,72.9142087,29.994,7.98,12.0,0.05,3.3885016463334545e-06,1.4813178827300493,30.0,12.4,80.0,0,0,0,normal,none,0.0030160341441702876,0.003773985818342972,0.8011801776635343,0.0,0.0,1.2221126888256606e-14,0.1,71.0,11,4,10.0
1790515321600000,684,1,4.0,19.1333973,72.9142163,29.995,7.95,0.7,0.01,84.91,3.0,19.1333973,72.9142163,29.995,7.98,12.0,0.05,-0.00032857647777423957,1.4819652818118503,30.0,12.4,80.0,0,0,0,normal,none,0.004106856640053946,0.005139508146601362,0.802182667575331,0.0,0.0,1.2221126888256606e-14,0.1,71.09999990463257,11,4,10.0
1790515321700000,685,1,4.0,19.1333979,72.9142238,29.997,7.95,0.7,0.01,84.92,3.0,19.1333979,72.9142238,29.997,7.98,12.0,0.05,-0.0006831824533434589,1.4821583971436192,30.0,12.4,80.0,0,0,0,normal,none,0.007363898935359936,0.009215519772449214,0.7907119119999171,0.0,0.0,0.009999999999988915,0.1,71.20000004768372,11,4,10.0
1790515321800000,686,1,4.0,19.1333985,72.9142314,29.999,7.95,0.7,0.01,84.95,3.0,19.1333985,72.9142314,29.999,7.98,12.0,0.05,0.00029216740243699266,1.4827394914424568,30.0,12.4,80.0,0,0,0,normal,none,0.0031043575747843333,0.0038849349865200437,0.8011801685100614,0.0,0.0,0.009999999999988915,0.1,71.29999995231628,11,4,10.0
1790515321900000,687,1,4.0,19.1333997,72.9142384,30.0,7.3,1.29,0.01,79.95,3.0,19.1333997,72.9142384,30.0,7.42,12.0,0.05,0.00017658328568885342,1.3954431900126665,30.0,12.4,80.0,0,0,0,normal,none,0.0060636623563011804,0.00816863532783996,0.747373988737905,0.0,0.0,1.2221126888256606e-14,0.1,71.40000009536743,11,3,10.0
1790515322000000,688,1,4.0,19.1334014,72.9142447,30.002,6.69,1.85,0.01,74.5,3.0,19.1334014,72.9142447,30.002,6.94,12.0,0.05,-0.0007138483443234605,1.3004074512146673,30.0,12.4,80.0,0,0,0,normal,none,0.00581226636673049,0.008361673090724836,0.6882957943846197,0.0,0.0,0.009999999999988915,0.1,71.5,11,4,10.0
1790515322100000,689,1,4.0,19.1334035,72.9142506,30.004,6.14,2.36,0.02,68.93,3.0,19.1334035,72.9142506,30.004,6.58,12.0,0.05,-0.0008614027617093737,1.2031648089775413,30.0,12.4,80.0,0,0,0,normal,none,0.004542917653920231,0.006895816620649044,0.6623361982520121,0.0,0.0,2.4442253776513212e-14,0.1,71.59999990463257,11,4,10.0
1790515322200000,690,1,4.0,19.133406,72.914256,30.006,5.64,2.83,0.01,63.31,3.0,19.133406,72.914256,30.006,6.31,12.0,0.05,0.000690908752052842,1.1050750582818445,30.0,12.4,80.0,0,0,0,normal,none,0.0007137180741306759,0.0011292667700942248,0.6317327352202068,0.0,0.0,0.009999999999988915,0.1,71.70000004768372,11,4,10.0
1790515322300000,691,1,4.0,19.133409,72.9142609,30.009,5.17,3.26,0.02,57.73,3.0,19.133409,72.9142609,30.009,6.11,12.0,0.05,-0.0031611816563756837,1.00767652438071,30.0,12.4,80.0,0,0,0,normal,none,0.002194832527420809,0.0035851581474851645,0.6133944725796708,0.0,0.0,0.010000000000001136,0.1,71.79999995231628,11,4,10.0
1790515322400000,692,1,4.0,19.1334123,72.9142654,30.011,4.73,3.66,0.02,52.27,3.0,19.1334123,72.9142654,30.011,5.98,12.0,0.05,0.0020670984364617754,0.9124311742180035,30.0,12.4,80.0,0,0,0,normal,none,0.0003685898911633956,0.0006152724937063853,0.5984363118090079,0.0,0.0,1.1084883011491797e-14,0.1,71.90000009536743,11,3,10.0
1790515322500000,693,1,4.0,19.1334159,72.9142695,30.012,4.33,4.02,0.01,47.13,3.0,19.1334159,72.9142695,30.012,5.91,12.0,0.05,0.003053375335806106,0.8225809678646891,30.0,12.4,80.0,0,0,0,normal,none,0.002830421995988597,0.004782403296197609,0.5880105041423418,0.0,0.0,1.2221126888256606e-14,0.1,72.0,11,4,10.0
1790515322600000,694,1,4.0,19.1334198,72.9142733,30.013,3.94,4.35,0.0,42.2,3.0,19.1334198,72.9142733,30.013,5.87,12.0,0.05,0.0015999618970928052,0.7365737523735799,30.0,12.4,80.0,0,0,0,normal,none,0.0025160985759287158,0.004279748834206144,0.5894240981806368,0.0,0.0,0.010000000000012221,0.1,72.09999990463257,11,4,10.0
1790515322700000,695,1,4.0,19.133424,72.9142767,30.013,3.6,4.65,0.0,37.73,3.0,19.133424,72.9142767,30.013,5.88,12.0,0.05,0.0008645398399503428,0.6585191121083422,30.0,12.4,80.0,0,0,0,normal,none,0.00012124908151622815,0.0002058317574857413,0.5879476244358637,0.0,0.0,0.0,0.1,72.20000004768372,11,4,10.0
1790515322800000,696,1,4.0,19.1334284,72.9142798,30.013,3.29,4.93,0.0,33.72,3.0,19.1334284,72.9142798,30.013,5.93,12.0,0.05,0.0010214551988582924,0.5885969139999176,30.0,12.4,80.0,0,0,0,normal,none,0.004965266359790221,0.00836329724040402,0.5877319581992589,0.0,0.0,0.0,0.1,72.29999995231628,11,4,10.0
1790515322900000,697,1,4.0,19.1334331,72.9142827,30.013,2.99,5.19,0.0,29.96,3.0,19.1334331,72.9142827,30.013,5.99,12.0,0.05,0.000681452035835285,0.5229654967334124,30.0,12.4,80.0,0,0,0,normal,none,0.005962504046660322,0.009938045968592865,0.604929948904893,0.0,0.0,0.0,0.1,72.40000009536743,11,3,10.0
1790515323000000,698,1,4.0,19.133438,72.9142853,30.013,2.72,5.43,0.0,26.67,3.0,19.133438,72.9142853,30.013,6.07,12.0,0.05,0.0007183913742655904,0.465644529370393,30.0,12.4,80.0,0,0,0,normal,none,0.002167446873397205,0.003563026557497834,0.6094836742212263,0.0,0.0,0.0,0.1,72.5,11,4,10.0
1790515323100000,699,1,4.0,19.1334431,72.9142877,30.012,2.47,5.64,0.0,23.7,3.0,19.1334431,72.9142877,30.012,6.16,12.0,0.05,0.0011910550821553104,0.41369718844556824,30.0,12.4,80.0,0,0,0,normal,none,0.00489997667547204,0.00794528497813843,0.6206150081632537,0.0,0.0,0.010000000000012221,0.1,72.59999990463257,11,4,10.0
1790515323200000,700,1,4.0,19.1334483,72.9142898,30.011,2.24,5.84,0.0,21.03,3.0,19.1334483,72.9142898,30.011,6.26,12.0,0.05,-0.0003133697338996726,0.3671309727943345,30.0,12.4,80.0,0,0,0,normal,none,0.00661575269017789,0.010560106538366195,0.6188696588103622,0.0,0.0,0.010000000000012221,0.1,72.70000004768372,11,4,10.0
1790515323300000,701,1,4.0,19.1334537,72.9142917,30.011,2.03,6.02,0.0,18.67,3.0,19.1334537,72.9142917,30.011,6.35,12.0,0.05,-0.002589628548930123,0.32588670275836945,30.0,12.4,80.0,0,0,0,normal,none,0.002547025014904558,0.004002833955812249,0.632758413337389,0.0,0.0,0.0,0.1,72.79999995231628,11,4,10.0
1790515323400000,702,1,4.0,19.1334593,72.9142935,30.011,1.84,6.18,0.0,16.64,3.0,19.1334593,72.9142935,30.011,6.45,12.0,0.05,0.0029633202605607264,0.29046946666905005,30.0,12.4,80.0,0,0,0,normal,none,0.005959787384862247,0.009228390591041193,0.65076983693434,0.0,0.0,0.0,0.1,72.90000009536743,11,3,10.0
1790515323500000,703,1,4.0,19.133465,72.9142951,30.01,1.66,6.33,0.0,14.72,3.0,19.133465,72.9142951,30.01,6.55,12.0,0.05,-0.00045078567621323557,0.25698750206919013,30.0,12.4,80.0,0,0,0,normal,none,0.0013155909831074064,0.002007296815852727,0.6557199002598725,0.0,0.0,0.009999999999976694,0.1,73.0,11,4,10.0
1790515323600000,704,1,4.0,19.1334708,72.9142965,30.01,1.48,6.47,0.0,12.93,3.0,19.1334708,72.9142965,30.01,6.64,12.0,0.05,-0.0014863496991452494,0.22580100542543222,30.0,12.4,80.0,0,0,0,normal,none,0.002223848061643552,0.00334558368376764,0.6614876856636639,0.0,0.0,0.0,0.1,73.09999990463257,11,4,10.0
1790515323700000,705,1,4.0,19.1334768,72.9142978,30.009,1.32,6.61,0.0,11.33,3.0,19.1334768,72.9142978,30.009,6.74,12.0,0.05,0.0012126904785459468,0.1979091967396176,30.0,12.4,80.0,0,0,0,normal,none,0.00695249981492807,0.010299218739875758,0.6810036848149992,0.0,0.0,0.010000000000012221,0.1,73.20000004768372,11,4,10.0
1790515323800000,706,1,4.0,19.1334828,72.9142989,30.008,1.18,6.72,-0.01,9.98,3.0,19.1334828,72.9142989,30.008,6.83,12.0,0.05,0.002053920759385804,0.17430049809455495,30.0,12.4,80.0,0,0,0,normal,none,0.005178261885175228,0.007578519448341504,0.677103204959704,0.0,0.0,1.2221126888256606e-14,0.1,73.29999995231628,11,4,10.0
1790515323900000,707,1,4.0,19.133489,72.9142999,30.008,1.04,6.83,0.0,8.73,3.0,19.133489,72.9142999,30.008,6.91,12.0,0.05,-0.004418374885870374,0.15246862852371895,30.0,12.4,80.0,0,0,0,normal,none,0.006493920909721895,0.00938600627660637,0.6973665575078145,0.0,0.0,0.0,0.1,73.40000009536743,11,3,10.0
1790515324000000,708,1,4.0,19.1334952,72.9143008,30.009,0.93,6.93,0.0,7.64,3.0,19.1334952,72.9143008,30.009,6.99,12.0,0.05,-0.0022979564684153337,0.13334692333176046,30.0,12.4,80.0,0,0,0,normal,none,0.0033508764613850994,0.004785514215425655,0.695861537616054,0.0,0.0,0.010000000000012221,0.1,73.5,11,4,10.0
1790515324100000,709,1,4.0,19.1335015,72.9143015,30.011,0.81,7.02,0.01,6.62,3.0,19.1335015,72.9143015,30.011,7.06,12.0,0.05,-0.0025790749890054515,0.11558554395673623,30.0,12.4,80.0,0,0,0,normal,none,0.00228048380319823,0.003222580694797331,0.7043771419251313,0.0,0.0,0.009999999999988915,0.1,73.59999990463257,11,4,10.0
1790515324200000,710,1,4.0,19.1335079,72.9143022,30.012,0.7,7.1,0.01,5.65,3.0,19.1335079,72.9143022,30.012,7.13,12.0,0.05,0.001311178799944938,0.09863859161305837,30.0,12.4,80.0,0,0,0,normal,none,0.0019944537124086947,0.002791622986139896,0.7154368129818874,0.0,0.0,1.2221126888256606e-14,0.1,73.70000004768372,11,4,10.0
1790515324300000,711,1,4.0,19.1335144,72.9143028,30.013,0.6,7.18,0.01,4.83,3.0,19.1335144,72.9143028,30.013,7.21,12.0,0.05,0.000621481379924325,0.08441406771614433,30.0,12.4,80.0,0,0,0,normal,none,0.005007644763070251,0.006940577548475595,0.7255102471178432,0.0,0.0,1.2221126888256606e-14,0.1,73.79999995231628,11,4,10.0
1790515324400000,712,1,4.0,19.1335209,72.9143033,30.014,0.51,7.25,0.0,4.03,3.0,19.1335209,72.9143033,30.014,7.27,12.0,0.05,0.002666691908014147,0.07037823142873932,30.0,12.4,80.0,0,0,0,normal,none,0.002118437817833385,0.002910775388955533,0.72467314166008,0.0,0.0,0.009999999999976694,0.1,73.90000009536743,11,3,10.0
1790515324500000,713,1,4.0,19.1335275,72.9143037,30.014,0.42,7.31,0.0,3.35,3.0,19.1335275,72.9143037,30.014,7.32,12.0,0.05,-0.000757793641940579,0.058638779284415625,30.0,12.4,80.0,0,0,0,normal,none,0.0028829754401902274,0.003932015180182484,0.7350885476670068,0.0,0.0,0.0,0.1,74.0,11,4,10.0
1790515324600000,714,1,4.0,19.1335341,72.914304,30.016,0.35,7.36,0.01,2.75,3.0,19.1335341,72.914304,30.016,7.37,12.0,0.05,-0.0027833076662407605,0.048011456731351605,30.0,12.4,80.0,0,0,0,normal,none,0.0022688304848701435,0.0030749971696059537,0.7345629006451079,0.0,0.0,0.009999999999988915,0.1,74.09999990463257,11,4,10.0
1790515324700000,715,1,4.0,19.1335408,72.9143043,30.016,0.28,7.41,0.0,2.23,3.0,19.1335408,72.9143043,30.016,7.42,12.0,0.05,0.0020588711091065995,0.03894212600617961,30.0,12.4,80.0,0,0,0,normal,none,0.004143481034845631,0.005580229196450722,0.745672307177161,0.0,0.0,0.0,0.1,74.20000004768372,11,4,10.0
1790515324800000,716,1,4.0,19.1335475,72.9143045,30.017,0.21,7.45,0.0,1.68,3.0,19.1335475,72.9143045,30.017,7.45,12.0,0.05,0.0017973837061875018,0.029444366796117543,30.0,12.4,80.0,0,0,0,normal,none,6.300407951576048e-06,8.442238300020988e-06,0.7453022147936406,0.0,0.0,0.010000000000012221,0.1,74.29999995231628,11,4,10.0
1790515324900000,717,1,4.0,19.1335542,72.9143047,30.017,0.16,7.49,0.0,1.24,3.0,19.1335542,72.9143047,30.017,7.5,12.0,0.05,-0.001134492766861387,0.02169936882064989,30.0,12.4,80.0,0,0,0,normal,none,0.0038686602649166124,0.005157038740991578,0.7453022147696113,0.0,0.0,0.0,0.1,74.40000009536743,11,3,10.0
1790515325000000,718,1,4.0,19.133561,72.9143048,30.017,0.11,7.53,0.0,0.87,3.0,19.133561,72.9143048,30.017,7.54,12.0,0.05,0.0009389366136414455,0.015336914193227552,30.0,12.4,80.0,0,0,0,normal,none,0.003118133860917416,0.004135015450454863,0.7561984748604685,0.0,0.0,0.0,0.1,74.5,11,4,10.0
1790515325100000,719,1,4.0,19.1335678,72.9143048,30.018,0.06,7.58,0.0,0.46,3.0,19.1335678,72.9143048,30.018,7.58,12.0,0.05,-0.00031995114936343743,0.008048692508945922,30.0,12.4,80.0,0,0,0,normal,none,0.0018982450016956642,0.002500903312807085,0.7561255013281935,0.0,0.0,0.010000000000012221,0.1,74.59999990463257,11,4,10.0
1790515325200000,720,1,4.0,19.1335747,72.9143048,30.017,0.0,7.61,0.0,0.01,3.0,19.1335747,72.9143048,30.017,7.61,12.0,0.05,0.002311133829650674,0.00018132255844629952,30.0,12.4,80.0,0,0,0,normal,none,0.006244993727548942,0.008195529826179713,0.7672449937275491,0.0,0.0,0.010000000000012221,0.1,74.70000004768372,11,4,10.0
1790515325300000,721,1,4.0,19.1335815,72.9143048,30.017,-0.04,7.63,0.0,359.62,3.0,19.1335815,72.9143048,30.017,7.63,12.0,0.05,-0.0009005075061045895,6.276666743276008,30.0,12.4,80.0,0,0,0,normal,none,0.006884983922727073,0.009011635388781162,0.7561255009331497,0.0,0.0,0.0,0.1,74.79999995231628,11,4,10.0
1790515325400000,722,1,4.0,19.1335884,72.9143047,30.017,-0.08,7.66,0.0,359.34,3.0,19.1335884,72.9143047,30.017,7.66,12.0,0.05,0.0015827896943003486,6.271747653357193,30.0,12.4,80.0,0,0,0,normal,none,0.0012751358255952416,0.0016624072746615345,0.7673169101434193,0.0,0.0,0.0,0.1,74.90000009536743,11,3,10.0
1790515325500000,723,1,4.0,19.1335953,72.9143046,30.015,-0.12,7.69,-0.01,359.05,3.0,19.1335953,72.9143046,30.015,7.69,12.0,0.05,0.0012900841825774962,6.2667637769779665,30.0,12.4,80.0,0,0,0,normal,none,0.0017767126265261224,0.0023071384762459388,0.7673169097628422,0.0,0.0,0.009999999999988915,0.1,75.0,11,4,10.0
1790515325600000,724,1,4.0,19.1336023,72.9143044,30.014,-0.16,7.71,-0.01,358.76,3.0,19.1336023,72.9143044,30.014,7.71,12.0,0.05,0.00014765890140427498,6.261554737933118,30.0,12.4,80.0,0,0,0,normal,none,0.007482002437189994,0.009689629476564087,0.7786480027250657,0.0,0.0,1.2221126888256606e-14,0.1,75.09999990463257,11,4,10.0
1790515325700000,725,1,4.0,19.1336092,72.9143042,30.013,-0.2,7.73,0.0,358.49,3.0,19.1336092,72.9143042,30.013,7.73,12.0,0.05,-0.00040383963386781514,6.256916396889877,30.0,12.4,80.0,0,0,0,normal,none,0.00572607157703775,0.007395553526145703,0.7675326173492492,0.0,0.0,0.009999999999976694,0.1,75.20000004768372,11,4,10.0
1790515325800000,726,1,4.0,19.1336162,72.914304,30.012,-0.23,7.76,-0.01,358.29,3.0,19.1336162,72.914304,30.012,7.76,12.0,0.05,0.00030139237881473055,6.25347203683774,30.0,12.4,80.0,0,0,0,normal,none,0.0023072270269558492,0.0029681024064456838,0.7786480027176316,0.0,0.0,1.2221126888256606e-14,0.1,75.29999995231628,11,4,10.0
1790515325900000,727,1,4.0,19.1336232,72.9143038,30.011,-0.25,7.78,-0.01,358.1,3.0,19.1336232,72.9143038,30.011,7.78,12.0,0.05,0.002357456475511296,6.2501511954260796,30.0,12.4,80.0,0,0,0,normal,none,0.00024643537760471457,0.0003161853759844969,0.7786480026936013,0.0,0.0,1.2221126888256606e-14,0.1,75.40000009536743,11,3,10.0
1790515326000000,728,1,4.0,19.1336302,72.9143035,30.009,-0.28,7.79,-0.01,357.91,3.0,19.1336302,72.9143035,30.009,7.8,12.0,0.05,-0.0008728400861815624,6.246797486155301,30.0,12.4,80.0,0,0,0,normal,none,0.0005007940990302551,0.0006416299091609221,0.779002252719903,0.0,0.0,0.009999999999988915,0.1,75.5,11,4,10.0
1790515326100000,729,1,4.0,19.1336373,72.9143032,30.008,-0.29,7.81,-0.01,357.81,3.0,19.1336373,72.9143032,30.008,7.81,12.0,0.05,-0.0015797780823209272,6.244981206583509,30.0,12.4,80.0,0,0,0,normal,none,0.008574543205026708,0.010957347399803748,0.7901127700372144,0.0,0.0,1.2221126888256606e-14,0.1,75.59999990463257,11,4,10.0
1790515326200000,730,1,4.0,19.1336443,72.9143029,30.007,-0.31,7.82,0.0,357.67,3.0,19.1336443,72.9143029,30.007,7.83,12.0,0.05,-0.0011421541008039646,6.242666213179198,30.0,12.4,80.0,0,0,0,normal,none,0.0036119562463373667,0.004609355222547216,0.779002252671441,0.0,0.0,0.009999999999976694,0.1,75.70000004768372,11,4,10.0
1790515326300000,731,1,4.0,19.1336514,72.9143026,30.007,-0.34,7.84,0.0,357.47,3.0,19.1336514,72.9143026,30.007,7.84,12.0,0.05,-0.00023071226855457067,6.2391546255594825,30.0,12.4,80.0,0,0,0,normal,none,0.005375871345399075,0.006841821168235523,0.7901127699298865,0.0,0.0,0.0,0.1,75.79999995231628,11,4,10.0
1790515326400000,732,1,4.0,19.1336584,72.9143022,30.006,-0.36,7.84,0.0,357.32,3.0,19.1336584,72.9143022,30.006,7.85,12.0,0.05,-0.0011583313966243187,6.236518810882998,30.0,12.4,80.0,0,0,0,normal,none,0.005328163377624984,0.006780333980895278,0.7794979320091174,0.0,0.0,0.010000000000012221,0.1,75.90000009536743,11,3,10.0
1790515326500000,733,1,4.0,19.1336655,72.9143019,30.006,-0.38,7.85,0.0,357.19,3.0,19.1336655,72.9143019,30.006,7.86,12.0,0.05,0.0008736768686825139,6.234143650420374,30.0,12.4,80.0,0,0,0,normal,none,0.004193562384255389,0.005329088865438228,0.7901127694278293,0.0,0.0,0.0,0.1,76.0,11,4,10.0
1790515326600000,734,1,4.0,19.1336725,72.9143015,30.006,-0.41,7.85,0.0,357.01,3.0,19.1336725,72.9143015,30.006,7.86,12.0,0.05,-0.0011862427008275788,6.231044015832738,30.0,12.4,80.0,0,0,0,normal,none,0.006572039624488379,0.00835000681383217,0.7794979318157137,0.0,0.0,0.0,0.1,76.09999990463257,11,4,10.0
1790515326700000,735,1,4.0,19.1336796,72.9143011,30.005,-0.42,7.87,0.0,356.92,3.0,19.1336796,72.9143011,30.005,7.88,12.0,0.05,0.0018703932206457293,6.229495601268831,30.0,12.4,80.0,0,0,0,normal,none,0.0024815684081778144,0.003144729161999372,0.7906014831419701,0.0,0.0,0.010000000000012221,0.1,76.20000004768372,11,4,10.0
1790515326800000,736,1,4.0,19.1336867,72.9143007,30.005,-0.43,7.88,0.0,356.84,3.0,19.1336867,72.9143007,30.005,7.89,12.0,0.05,-0.0010495400520114685,6.2280635658935575,30.0,12.4,80.0,0,0,0,normal,none,0.0014291314665272337,0.0018086325903970274,0.7906014827308122,0.0,0.0,0.0,0.1,76.29999995231628,11,4,10.0
1790515326900000,737,1,4.0,19.1336938,72.9143002,30.004,-0.44,7.89,0.0,356.77,3.0,19.1336938,72.9143002,30.004,7.9,12.0,0.05,-0.00018034063098155346,6.226841189473517,30.0,12.4,80.0,0,0,0,normal,none,0.0010034681558982461,0.0012682448012086406,0.7912293852201262,0.0,0.0,0.009999999999976694,0.1,76.40000009536743,11,3,10.0
1790515327000000,738,1,4.0,19.1337009,72.9142998,30.003,-0.46,7.9,-0.01,356.65,3.0,19.1337009,72.9142998,30.003,7.92,12.0,0.05,0.003747274945699461,6.224810510557702,30.0,12.4,80.0,0,0,0,normal,none,0.000736624325580526,0.0009296843340388379,0.7906014829332574,0.0,0.0,1.2221126888256606e-14,0.1,76.5,11,4,10.0
1790515327100000,739,1,4.0,19.133708,72.9142993,30.001,-0.47,7.91,-0.01,356.53,3.0,19.133708,72.9142993,30.001,7.92,12.0,0.05,0.001188746675124854,6.222749913342177,30.0,12.4,80.0,0,0,0,normal,none,0.0011657189418311509,0.0014692792238517082,0.7912293845261295,0.0,0.0,0.009999999999988915,0.1,76.59999990463257,11,4,10.0
1790515327200000,740,1,4.0,19.1337152,72.9142989,30.0,-0.48,7.91,-0.01,356.47,3.0,19.1337152,72.9142989,30.0,7.93,12.0,0.05,-0.0026327373462513865,6.221596703196588,30.0,12.4,80.0,0,0,0,normal,none,0.009250430015769973,0.011658417275049257,0.8017054760593926,0.0,0.0,1.2221126888256606e-14,0.1,76.70000004768372,11,4,10.0
1790515327300000,741,1,4.0,19.1337223,72.9142984,29.999,-0.5,7.91,-0.01,356.38,3.0,19.1337223,72.9142984,29.999,7.93,12.0,0.05,0.00031962517801014924,6.2200182385012,30.0,12.4,80.0,0,0,0,normal,none,0.0013493184924515678,0.0017002957461338967,0.7912293842241934,0.0,0.0,1.2221126888256606e-14,0.1,76.79999995231628,11,4,10.0
1790515327400000,742,1,4.0,19.1337294,72.9142979,29.997,-0.5,7.91,-0.01,356.33,3.0,19.1337294,72.9142979,29.997,7.93,12.0,0.05,0.0015708110041136604,6.2191515427444255,30.0,12.4,80.0,0,0,0,normal,none,0.0013493181490864536,0.0017002953134545508,0.7912293845675585,0.0,0.0,0.009999999999988915,0.1,76.90000009536743,11,3,10.0
1790515327500000,743,1,4.0,19.1337365,72.9142974,29.995,-0.51,7.91,-0.01,356.25,3.0,19.1337365,72.9142974,29.995,7.93,12.0,0.05,-1.8375272587122578e-05,6.217829180869779,30.0,12.4,80.0,0,0,0,normal,none,0.001413031907086193,0.0017804389964516186,0.7912293843185407,0.0,0.0,0.009999999999988915,0.1,77.0,11,4,10.0
1790515327600000,744,1,4.0,19.1337436,72.9142969,29.994,-0.52,7.91,-0.01,356.19,3.0,19.1337436,72.9142969,29.994,7.93,12.0,0.05,-0.0013742929532174842,6.216722722255514,30.0,12.4,80.0,0,0,0,normal,none,0.0014780023397393816,0.001862150164653668,0.7912293837744561,0.0,0.0,1.2221126888256606e-14,0.1,77.09999990463257,11,4,10.0
1790515327700000,745,1,4.0,19.1337508,72.9142964,29.994,-0.52,7.91,0.0,356.17,3.0,19.1337508,72.9142964,29.994,7.93,12.0,0.05,-0.0031018506452147308,6.2164340939726745,30.0,12.4,80.0,0,0,0,normal,none,0.009617301334659878,0.012116935665351335,0.8023246874488553,0.0,0.0,0.0,0.1,77.20000004768372,11,4,10.0
1790515327800000,746,1,4.0,19.1337579,72.9142959,29.993,-0.53,7.92,0.0,356.13,3.0,19.1337579,72.9142959,29.993,7.93,12.0,0.05,0.002046394100344229,6.215659949188473,30.0,12.4,80.0,0,0,0,normal,none,0.0025419941923596756,0.0031983967513127096,0.7912293834725194,0.0,0.0,0.010000000000012221,0.1,77.29999995231628,11,4,10.0
1790515327900000,747,1,4.0,19.133765,72.9142954,29.992,-0.55,7.93,0.0,356.01,3.0,19.133765,72.9142954,29.992,7.95,12.0,0.05,-0.000606262610232609,6.21365476825065,30.0,12.4,80.0,0,0,0,normal,none,0.0036756420567407577,0.004618191791374222,0.791229383716779,0.0,0.0,0.009999999999976694,0.1,77.40000009536743,11,3,10.0
1790515328000000,748,1,4.0,19.1337722,72.9142949,29.991,-0.55,7.94,-0.01,356.02,3.0,19.1337722,72.9142949,29.991,7.96,12.0,0.05,0.0015594122127957843,6.21382982320595,30.0,12.4,80.0,0,0,0,normal,none,0.006422054373179664,0.008058769181325497,0.8023246866090582,0.0,0.0,1.2221126888256606e-14,0.1,77.5,11,4,10.0
1790515328100000,749,1,4.0,19.1337793,72.9142943,29.99,-0.55,7.94,-0.01,355.98,3.0,19.1337793,72.9142943,29.99,7.96,12.0,0.05,-0.0003323591466399663,6.213124225195761,30.0,12.4,80.0,0,0,0,normal,none,0.003906489525596468,0.0049020913817739405,0.7919961427102821,0.0,0.0,1.2221126888256606e-14,0.1,77.59999990463257,11,4,10.0
1790515328200000,750,1,4.0,19.1337865,72.9142938,29.989,-0.56,7.95,-0.01,355.94,3.0,19.1337865,72.9142938,29.989,7.97,12.0,0.05,0.001039516130278797,6.212497685673945,30.0,12.4,80.0,0,0,0,normal,none,0.005354799803657051,0.006710528673071405,0.8023246863112967,0.0,0.0,2.3306009899748403e-14,0.1,77.70000004768372,11,4,10.0
1790515328300000,751,1,4.0,19.1337936,72.9142932,29.988,-0.57,7.95,-0.01,355.88,3.0,19.1337936,72.9142932,29.988,7.97,12.0,0.05,-0.00081785998760706,6.21130172373367,30.0,12.4,80.0,0,0,0,normal,none,0.005044634716954377,0.00632127437988109,0.7919961421571025,0.0,0.0,1.2221126888256606e-14,0.1,77.79999995231628,11,4,10.0
1790515328400000,752,1,4.0,19.1338008,72.9142927,29.987,-0.57,7.95,0.0,355.83,3.0,19.1338008,72.9142927,29.987,7.97,12.0,0.05,-0.0016697178257441476,6.210441141935163,30.0,12.4,80.0,0,0,0,normal,none,0.005283909139478182,0.006621101693794858,0.802324686013535,0.0,0.0,0.010000000000012221,0.1,77.90000009536743,11,3,10.0
1790515328500000,753,1,4.0,19.1338079,72.9142921,29.985,-0.57,7.95,-0.01,355.83,3.0,19.1338079,72.9142921,29.985,7.97,12.0,0.05,0.004038144663214928,6.210429767834412,30.0,12.4,80.0,0,0,0,normal,none,0.005044635032511957,0.0063212747752964486,0.7919961418415449,0.0,0.0,0.009999999999988915,0.1,78.0,11,4,10.0
1790515328600000,754,1,4.0,19.1338151,72.9142916,29.983,-0.58,7.95,-0.01,355.76,3.0,19.1338151,72.9142916,29.983,7.97,12.0,0.05,-0.0013099943636105727,6.2092649646579225,30.0,12.4,80.0,0,0,0,normal,none,0.005211770251470793,0.006530116416470775,0.8023246857157732,0.0,0.0,0.009999999999988915,0.1,78.09999990463257,11,4,10.0
1790515328700000,755,1,4.0,19.1338222,72.914291,29.982,-0.59,7.95,-0.01,355.71,3.0,19.1338222,72.914291,29.982,7.97,12.0,0.05,0.0002507609538918159,6.208402427794485,30.0,12.4,80.0,0,0,0,normal,none,0.005190160651150522,0.006502442648463066,0.7919961412883647,0.0,0.0,1.2221126888256606e-14,0.1,78.20000004768372,11,4,10.0
1790515328800000,756,1,4.0,19.1338294,72.9142904,29.98,-0.59,7.95,-0.01,355.71,3.0,19.1338294,72.9142904,29.98,7.97,12.0,0.05,-9.16559132685363e-05,6.208388425971889,30.0,12.4,80.0,0,0,0,normal,none,0.005894548898986884,0.007384928662222971,0.8030808508385021,0.0,0.0,0.009999999999988915,0.1,78.29999995231628,11,4,10.0
1790515328900000,757,1,4.0,19.1338365,72.9142899,29.979,-0.59,7.95,-0.01,355.69,3.0,19.1338365,72.9142899,29.979,7.97,12.0,0.05,0.0006555822537718021,6.208047826164226,30.0,12.4,80.0,0,0,0,normal,none,0.0059569197324225165,0.007463069358554237,0.7912293822070927,0.0,0.0,1.2221126888256606e-14,0.1,78.40000009536743,11,3,10.0
1790515329000000,758,1,4.0,19.1338437,72.9142893,29.977,-0.59,7.95,-0.01,355.68,3.0,19.1338437,72.9142893,29.977,7.97,12.0,0.05,0.00014370838251520076,6.207905448238232,30.0,12.4,80.0,0,0,0,normal,none,0.0058945484706129925,0.007384928125538877,0.8030808504101282,0.0,0.0,0.009999999999988915,0.1,78.5,11,4,10.0
1790515329100000,759,1,4.0,19.1338508,72.9142887,29.975,-0.61,7.94,-0.02,355.58,3.0,19.1338508,72.9142887,29.975,7.97,12.0,0.05,0.001153777358767007,6.206175188016568,30.0,12.4,80.0,0,0,0,normal,none,0.004343611193967756,0.00544762905044869,0.791996140419626,0.0,0.0,1.1084883011491797e-14,0.1,78.59999990463257,11,4,10.0
1790515329200000,760,1,4.0,19.133858,72.9142881,29.973,-0.61,7.94,-0.01,355.59,3.0,19.133858,72.9142881,29.973,7.97,12.0,0.05,-0.001162566522810751,6.206380320192534,30.0,12.4,80.0,0,0,0,normal,none,0.006741098368160281,0.00845448675363065,0.803080849981754,0.0,0.0,0.010000000000024442,0.1,78.70000004768372,11,4,10.0
1790515329300000,761,1,4.0,19.1338651,72.9142876,29.971,-0.61,7.94,-0.01,355.6,3.0,19.1338651,72.9142876,29.971,7.97,12.0,0.05,-0.0008845372175216499,6.206479012261593,30.0,12.4,80.0,0,0,0,normal,none,0.005110370010376841,0.00640927534345914,0.7912293816032169,0.0,0.0,0.009999999999988915,0.1,78.79999995231628,11,4,10.0
1790515329400000,762,1,4.0,19.1338723,72.914287,29.969,-0.6,7.94,-0.01,355.67,3.0,19.1338723,72.914287,29.969,7.97,12.0,0.05,0.0013605571339008963,6.207729539495037,30.0,12.4,80.0,0,0,0,normal,none,0.006817074045163629,0.00855058796797831,0.8030808494362084,0.0,0.0,0.009999999999988915,0.1,78.90000009536743,11,3,10.0
1790515329500000,763,1,4.0,19.1338794,72.9142864,29.968,-0.6,7.95,-0.01,355.64,3.0,19.1338794,72.9142864,29.968,7.97,12.0,0.05,-0.0013658466303428977,6.2071837659701785,30.0,12.4,80.0,0,0,0,normal,none,0.005264796285401552,0.006595332488746124,0.7919961396696972,0.0,0.0,1.2221126888256606e-14,0.1,79.0,11,4,10.0
1790515329600000,764,1,4.0,19.1338866,72.9142858,29.966,-0.6,7.95,-0.01,355.63,3.0,19.1338866,72.9142858,29.966,7.97,12.0,0.05,-0.0003056289015916489,6.206952674379781,30.0,12.4,80.0,0,0,0,normal,none,0.005819913052734882,0.007290740145979341,0.8030808490078336,0.0,0.0,0.009999999999988915,0.1,79.09999990463257,11,4,10.0
1790515329700000,765,1,4.0,19.1338937,72.9142852,29.965,-0.62,7.95,-0.01,355.53,3.0,19.1338937,72.9142852,29.965,7.98,12.0,0.05,-0.0007226637108538385,6.205314154646642,30.0,12.4,80.0,0,0,0,normal,none,0.005417805965031386,0.006785710592356716,0.7919961392353269,0.0,0.0,1.2221126888256606e-14,0.1,79.20000004768372,11,4,10.0
1790515329800000,766,1,4.0,19.1339009,72.9142846,29.964,-0.61,7.96,0.0,355.55,3.0,19.1339009,72.9142846,29.964,7.98,12.0,0.05,-0.0015025836934024078,6.2056526961901595,30.0,12.4,80.0,0,0,0,normal,none,0.004746958530940093,0.005938642900092675,0.8030808485794586,0.0,0.0,0.010000000000012221,0.1,79.29999995231628,11,4,10.0
1790515329900000,767,1,4.0,19.1339081,72.9142841,29.964,-0.61,7.96,0.0,355.59,3.0,19.1339081,72.9142841,29.964,7.98,12.0,0.05,0.0004661832013454347,6.206320935388322,30.0,12.4,80.0,0,0,0,normal,none,0.003990793730756836,0.004992649230116592,0.8023246837792753,0.0,0.0,0.0,0.1,79.40000009536743,11,3,10.0
1790515330000000,768,1,4.0,19.1339152,72.9142835,29.963,-0.61,7.95,0.0,355.6,3.0,19.1339152,72.9142835,29.963,7.98,12.0,0.05,-0.0022257816335462125,6.206546566716056,30.0,12.4,80.0,0,0,0,normal,none,0.005340678578475977,0.006689756082489111,0.7919961385822519,0.0,0.0,0.009999999999976694,0.1,79.5,11,4,10.0
1790515330100000,769,1,4.0,19.1339224,72.9142829,29.963,-0.61,7.96,0.0,355.59,3.0,19.1339224,72.9142829,29.963,7.98,12.0,0.05,0.0008386372209819743,6.206273980913893,30.0,12.4,80.0,0,0,0,normal,none,0.004746957886879288,0.0059386420943457734,0.8030808479353978,0.0,0.0,0.0,0.1,79.59999990463257,11,4,10.0
1790515330200000,770,1,4.0,19.1339295,72.9142823,29.962,-0.61,7.96,0.0,355.59,3.0,19.1339295,72.9142823,29.962,7.99,12.0,0.05,0.0012492878956002554,6.206266817865932,30.0,12.4,80.0,0,0,0,normal,none,0.006337751900637567,0.007928791684602381,0.791996138147881,0.0,0.0,0.010000000000012221,0.1,79.70000004768372,11,4,10.0
1790515330300000,771,1,4.0,19.1339367,72.9142817,29.961,-0.62,7.96,-0.01,355.54,3.0,19.1339367,72.9142817,29.961,7.99,12.0,0.05,0.00110979533230804,6.205370218776874,30.0,12.4,80.0,0,0,0,normal,none,0.004669925738037262,0.005841708701831803,0.8030808475070221,0.0,0.0,1.2221126888256606e-14,0.1,79.79999995231628,11,4,10.0
1790515330400000,772,1,4.0,19.1339439,72.9142811,29.96,-0.61,7.96,-0.01,355.59,3.0,19.1339439,72.9142811,29.96,7.99,12.0,0.05,-0.00032047485448988554,6.206245142516087,30.0,12.4,80.0,0,0,0,normal,none,0.004746957359988979,0.005938641435184045,0.8030808474085075,0.0,0.0,2.3306009899748403e-14,0.1,79.90000009536743,11,3,10.0
1790515330500000,773,1,4.0,19.133951,72.9142805,29.959,-0.61,7.96,-0.01,355.58,3.0,19.133951,72.9142805,29.959,7.98,12.0,0.05,0.0009750167133050658,6.206098204512029,30.0,12.4,80.0,0,0,0,normal,none,0.006337752672524455,0.007928792650265037,0.7919961373759941,0.0,0.0,1.2221126888256606e-14,0.1,80.0,11,4,10.0
1790515330600000,774,1,4.0,19.1339582,72.91428,29.957,-0.6,7.97,-0.01,355.66,3.0,19.1339582,72.91428,29.957,7.99,12.0,0.05,0.00012623702748069477,6.20744849908353,30.0,12.4,80.0,0,0,0,normal,none,0.003069404367504469,0.0038355315490850857,0.8023246827360618,0.0,0.0,0.009999999999988915,0.1,80.09999990463257,11,4,10.0
1790515330700000,775,1,4.0,19.1339654,72.9142794,29.956,-0.6,7.97,-0.01,355.65,3.0,19.1339654,72.9142794,29.956,7.99,12.0,0.05,0.00012270561718646827,6.207310139522895,30.0,12.4,80.0,0,0,0,normal,none,0.003825568789713185,0.004780435559903074,0.8030808471582705,0.0,0.0,1.2221126888256606e-14,0.1,80.20000004768372,11,4,10.0
1790515330800000,776,1,4.0,19.1339725,72.9142788,29.955,-0.61,7.97,-0.01,355.6,3.0,19.1339725,72.9142788,29.955,7.99,12.0,0.05,-0.0013021688401167752,6.206503759168569,30.0,12.4,80.0,0,0,0,normal,none,0.007334833920368711,0.009164750825626735,0.7919961363291269,0.0,0.0,1.2221126888256606e-14,0.1,80.29999995231628,11,4,10.0
1790515330900000,777,1,4.0,19.1339797,72.9142782,29.954,-0.6,7.98,0.0,355.65,3.0,19.1339797,72.9142782,29.954,8.0,12.0,0.05,-0.0009361961326602053,6.207264270253994,30.0,12.4,80.0,0,0,0,normal,none,0.0028283865649781914,0.0035299567933882482,0.803080846729894,0.0,0.0,0.009999999999976694,0.1,80.40000009536743,11,3,10.0
1790515331000000,778,1,4.0,19.1339869,72.9142777,29.954,-0.6,7.98,0.0,355.66,3.0,19.1339869,72.9142777,29.954,8.0,12.0,0.05,-0.0027476223285210592,6.207517917117542,30.0,12.4,80.0,0,0,0,normal,none,0.002072221973535626,0.002586228531652953,0.8023246821384514,0.0,0.0,0.0,0.1,80.5,11,4,10.0
1790515331100000,779,1,4.0,19.1339941,72.9142771,29.954,-0.61,7.98,0.0,355.62,3.0,19.1339941,72.9142771,29.954,8.01,12.0,0.05,0.0016418259499629598,6.206765288643299,30.0,12.4,80.0,0,0,0,normal,none,0.002752788051199495,0.0034352822475427285,0.8030808457875255,0.0,0.0,0.0,0.1,80.59999990463257,11,4,10.0
1790515331200000,780,1,4.0,19.1340013,72.9142765,29.954,-0.61,7.99,0.0,355.63,3.0,19.1340013,72.9142765,29.954,8.01,12.0,0.05,-0.0003586377878600368,6.206915874946415,30.0,12.4,80.0,0,0,0,normal,none,0.0017556936010229007,0.002188256962394931,0.8030808460828354,0.0,0.0,0.0,0.1,80.70000004768372,11,4,10.0
1790515331300000,781,1,4.0,19.1340085,72.9142759,29.953,-0.61,7.99,0.0,355.61,3.0,19.1340085,72.9142759,29.953,8.01,12.0,0.05,-0.0003329233750149079,6.206639989672173,30.0,12.4,80.0,0,0,0,normal,none,0.0017556928743402977,0.002188256056674101,0.8030808453561528,0.0,0.0,0.010000000000012221,0.1,80.79999995231628,11,4,10.0
1790515331400000,782,1,4.0,19.1340157,72.9142753,29.953,-0.61,7.98,0.0,355.57,3.0,19.1340157,72.9142753,29.953,8.01,12.0,0.05,0.000781924792451591,6.2059371719392304,30.0,12.4,80.0,0,0,0,normal,none,0.0027527875213113617,0.003435281586280305,0.8030808452576373,0.0,0.0,0.0,0.1,80.90000009536743,11,3,10.0
1790515331500000,783,1,4.0,19.1340228,72.9142747,29.953,-0.61,7.98,0.0,355.58,3.0,19.1340228,72.9142747,29.953,8.0,12.0,0.05,-0.001296644550358386,6.206099870228107,30.0,12.4,80.0,0,0,0,normal,none,0.008331922541306103,0.010397642339946233,0.7919961351950199,0.0,0.0,0.0,0.1,81.0,11,4,10.0
1790515331600000,784,1,4.0,19.13403,72.9142741,29.953,-0.62,7.98,0.0,355.54,3.0,19.13403,72.9142741,29.953,8.0,12.0,0.05,0.0006555126046227561,6.205486865024116,30.0,12.4,80.0,0,0,0,normal,none,0.002675947293019232,0.003339070301723757,0.8030808448292599,0.0,0.0,0.0,0.1,81.09999990463257,11,4,10.0
1790515331700000,785,1,4.0,19.1340372,72.9142735,29.952,-0.62,7.98,0.0,355.52,3.0,19.1340372,72.9142735,29.952,8.0,12.0,0.05,0.0004956710059418508,6.2050258730739305,30.0,12.4,80.0,0,0,0,normal,none,0.002675947471157736,0.0033390705240065313,0.8030808450073984,0.0,0.0,0.009999999999976694,0.1,81.20000004768372,11,4,10.0
1790515331800000,786,1,4.0,19.1340444,72.914273,29.951,-0.62,7.97,-0.01,355.53,3.0,19.1340444,72.914273,29.951,8.0,12.0,0.05,0.0024913951460156995,6.205276421567118,30.0,12.4,80.0,0,0,0,normal,none,0.002916775050792908,0.0036441107456933,0.8023246809411462,0.0,0.0,1.2221126888256606e-14,0.1,81.29999995231628,11,4,10.0
1790515331900000,787,1,4.0,19.1340515,72.9142724,29.951,-0.63,7.97,0.0,355.46,3.0,19.1340515,72.9142724,29.951,7.99,12.0,0.05,-0.0018819648104423472,6.203950636576038,30.0,12.4,80.0,0,0,0,normal,none,0.007489950608828622,0.009356753040203414,0.7919961343232358,0.0,0.0,0.0,0.1,81.40000009536743,11,3,10.0
1790515332000000,788,1,4.0,19.1340587,72.9142718,29.95,-0.63,7.96,0.0,355.46,3.0,19.1340587,72.9142718,29.95,7.99,12.0,0.05,0.00018346629278086517,6.204053035238655,30.0,12.4,80.0,0,0,0,normal,none,0.004591645545384493,0.00574322399156249,0.8030808439695085,0.0,0.0,0.010000000000012221,0.1,81.5,11,4,10.0
1790515332100000,789,1,4.0,19.1340659,72.9142712,29.95,-0.62,7.96,0.0,355.5,3.0,19.1340659,72.9142712,29.95,7.98,12.0,0.05,-0.0012490885641502389,6.204690239540728,30.0,12.4,80.0,0,0,0,normal,none,0.004669921867665794,0.005841703860302419,0.8030808436366507,0.0,0.0,0.0,0.1,81.59999990463257,11,4,10.0
1790515332200000,790,1,4.0,19.134073,72.9142706,29.95,-0.62,7.95,0.0,355.52,3.0,19.134073,72.9142706,29.95,7.97,12.0,0.05,-1.719073613116199e-05,6.205124103620855,30.0,12.4,80.0,0,0,0,normal,none,0.0054178114113909714,0.006785717413830237,0.7919961337889673,0.0,0.0,0.0,0.1,81.70000004768372,11,4,10.0
1790515332300000,791,1,4.0,19.1340802,72.91427,29.949,-0.63,7.96,0.0,355.47,3.0,19.1340802,72.91427,29.949,7.98,12.0,0.05,0.00039175075632905,6.204138434238414,30.0,12.4,80.0,0,0,0,normal,none,0.004591644784148197,0.005743223039409167,0.8030808432082722,0.0,0.0,0.009999999999976694,0.1,81.79999995231628,11,4,10.0
1790515332400000,792,1,4.0,19.1340873,72.9142694,29.949,-0.63,7.96,0.0,355.42,3.0,19.1340873,72.9142694,29.949,7.98,12.0,0.05,-0.0002671401196138519,6.203400925649388,30.0,12.4,80.0,0,0,0,normal,none,0.006493065069530846,0.00812151694147882,0.7919961333545932,0.0,0.0,0.0,0.1,81.90000009536743,11,3,10.0
1790515332500000,793,1,4.0,19.1340945,72.9142688,29.95,-0.63,7.95,0.0,355.44,3.0,19.1340945,72.9142688,29.95,7.98,12.0,0.05,-0.003307665277491852,6.203681954400601,30.0,12.4,80.0,0,0,0,normal,none,0.0055885230676595565,0.006998843858227197,0.8030808427798936,0.0,0.0,0.009999999999976694,0.1,82.0,11,4,10.0
1790515332600000,794,1,4.0,19.1341016,72.9142682,29.952,-0.63,7.95,0.01,355.46,3.0,19.1341016,72.9142682,29.952,7.97,12.0,0.05,-0.0024389746801753683,6.203993497259628,30.0,12.4,80.0,0,0,0,normal,none,0.005496186792015134,0.0068832055817341945,0.7919961329202189,0.0,0.0,0.010000000000024442,0.1,82.09999990463257,11,4,10.0
1790515332700000,795,1,4.0,19.1341088,72.9142676,29.953,-0.62,7.95,0.01,355.47,3.0,19.1341088,72.9142676,29.953,7.97,12.0,0.05,0.000540336397228007,6.204123941844737,30.0,12.4,80.0,0,0,0,normal,none,0.005666897151156425,0.007097693101708467,0.8030808423515147,0.0,0.0,2.3306009899748403e-14,0.1,82.20000004768372,11,4,10.0
1790515332800000,796,1,4.0,19.1341159,72.914267,29.955,-0.62,7.95,0.01,355.49,3.0,19.1341159,72.914267,29.955,7.97,12.0,0.05,-0.0008843951747515681,6.204533708280602,30.0,12.4,80.0,0,0,0,normal,none,0.005417812714514136,0.006785719045970022,0.7919961324858441,0.0,0.0,0.009999999999988915,0.1,82.29999995231628,11,4,10.0
1790515332900000,797,1,4.0,19.1341231,72.9142664,29.957,-0.62,7.96,0.01,355.51,3.0,19.1341231,72.9142664,29.957,7.98,12.0,0.05,0.00016637561590563158,6.204845162897381,30.0,12.4,80.0,0,0,0,normal,none,0.004669920154150575,0.005841701716830054,0.8030808419231354,0.0,0.0,0.010000000000024442,0.1,82.40000009536743,11,3,10.0
1790515333000000,798,1,4.0,19.1341303,72.9142658,29.959,-0.62,7.96,0.02,355.5,3.0,19.1341303,72.9142658,29.959,7.98,12.0,0.05,-0.00170247799354321,6.204715697151612,30.0,12.4,80.0,0,0,0,normal,none,0.004669920055633825,0.005841701593593372,0.8030808418246187,0.0,0.0,1.1084883011491797e-14,0.1,82.5,11,4,10.0
1790515333100000,799,1,4.0,19.1341374,72.9142652,29.96,-0.62,7.95,0.01,355.51,3.0,19.1341374,72.9142652,29.96,7.97,12.0,0.05,0.001861235083762101,6.20485596854971,30.0,12.4,80.0,0,0,0,normal,none,0.005417813486406131,0.006785720012751726,0.7919961317139521,0.0,0.0,1.2221126888256606e-14,0.1,82.59999990463257,11,4,10.0
1790515333200000,800,1,4.0,19.1341446,72.9142646,29.963,-0.62,7.95,0.02,355.47,3.0,19.1341446,72.9142646,29.963,7.98,12.0,0.05,-0.0024483282116463225,6.204291846307683,30.0,12.4,80.0,0,0,0,normal,none,0.0056668961958808994,0.0070976919052419835,0.8030808413962391,0.0,0.0,0.010000000000001136,0.1,82.70000004768372,11,4,10.0
1790515333300000,801,1,4.0,19.1341517,72.914264,29.964,-0.63,7.94,0.01,355.42,3.0,19.1341517,72.914264,29.964,7.97,12.0,0.05,0.002650752177003886,6.203323308158804,30.0,12.4,80.0,0,0,0,normal,none,0.004499317546089787,0.005641809683948859,0.7919961312795768,0.0,0.0,2.3306009899748403e-14,0.1,82.79999995231628,11,4,10.0
1790515333400000,802,1,4.0,19.1341589,72.9142634,29.966,-0.63,7.94,0.01,355.42,3.0,19.1341589,72.9142634,29.966,7.97,12.0,0.05,-0.0011930983577988885,6.203417275994299,30.0,12.4,80.0,0,0,0,normal,none,0.006585392142192559,0.008257592130324662,0.8030808409678591,0.0,0.0,0.010000000000024442,0.1,82.90000009536743,11,3,10.0
1790515333500000,803,1,4.0,19.134166,72.9142628,29.968,-0.64,7.95,0.01,355.37,3.0,19.134166,72.9142628,29.968,7.97,12.0,0.05,0.0010622818656695432,6.202479662680818,30.0,12.4,80.0,0,0,0,normal,none,0.005575809483694738,0.006982225648196845,0.7919961308452013,0.0,0.0,0.009999999999988915,0.1,83.0,11,4,10.0
1790515333600000,804,1,4.0,19.1341732,72.9142621,29.969,-0.63,7.95,0.01,355.43,3.0,19.1341732,72.9142621,29.969,7.98,12.0,0.05,0.0011146109443027211,6.203438604235895,30.0,12.4,80.0,0,0,0,normal,none,0.00648125012151568,0.0081168596885834,0.8039735698337497,0.0,0.0,1.2221126888256606e-14,0.1,83.09999990463257,11,4,10.0
1790515333700000,805,1,4.0,19.1341803,72.9142615,29.97,-0.64,7.96,0.01,355.39,3.0,19.1341803,72.9142615,29.97,7.98,12.0,0.05,0.0006783361478930194,6.202884465432046,30.0,12.4,80.0,0,0,0,normal,none,0.006572589118210015,0.008220167893892572,0.791996130529636,0.0,0.0,2.3306009899748403e-14,0.1,83.20000004768372,11,4,10.0
1790515333800000,806,1,4.0,19.1341875,72.9142609,29.972,-0.64,7.95,0.01,355.36,3.0,19.1341875,72.9142609,29.972,7.98,12.0,0.05,-0.00028860329999862475,6.202331836980421,30.0,12.4,80.0,0,0,0,normal,none,0.0055088996650318744,0.006898438809110931,0.8030808399939279,0.0,0.0,0.010000000000024442,0.1,83.29999995231628,11,4,10.0
1790515333900000,807,1,4.0,19.1341946,72.9142603,29.973,-0.64,7.95,0.01,355.39,3.0,19.1341946,72.9142603,29.973,7.98,12.0,0.05,0.00021199412921359966,6.202775646080452,30.0,12.4,80.0,0,0,0,normal,none,0.00557581023363618,0.006982226587300017,0.7919961300952598,0.0,0.0,2.3306009899748403e-14,0.1,83.40000009536743,11,3,10.0
1790515334000000,808,1,4.0,19.1342018,72.9142597,29.973,-0.64,7.96,0.0,355.39,3.0,19.1342018,72.9142597,29.973,7.98,12.0,0.05,0.0009178519949138115,6.202896556080427,30.0,12.4,80.0,0,0,0,normal,none,0.004512119917701063,0.005643192144495517,0.8030808395655471,0.0,0.0,0.0,0.1,83.5,11,4,10.0
1790515334100000,809,1,4.0,19.134209,72.9142591,29.974,-0.64,7.95,0.0,355.38,3.0,19.134209,72.9142591,29.974,7.98,12.0,0.05,0.0001982005975476429,6.2026380472754985,30.0,12.4,80.0,0,0,0,normal,none,0.005508899138133572,0.006898438149310258,0.8030808394670296,0.0,0.0,0.010000000000012221,0.1,83.59999990463257,11,4,10.0
1790515334200000,810,1,4.0,19.1342161,72.9142585,29.975,-0.63,7.96,0.0,355.43,3.0,19.1342161,72.9142585,29.975,7.98,12.0,0.05,-0.00019413272049067108,6.203530996951766,30.0,12.4,80.0,0,0,0,normal,none,0.0064930691007583086,0.008121521983732638,0.7919961293233657,0.0,0.0,0.010000000000012221,0.1,83.70000004768372,11,4,10.0
1790515334300000,811,1,4.0,19.1342233,72.9142579,29.976,-0.62,7.96,0.0,355.49,3.0,19.1342233,72.9142579,29.976,7.99,12.0,0.05,-0.0006084853654904081,6.204572394466648,30.0,12.4,80.0,0,0,0,normal,none,0.004669917269663593,0.005841698108564388,0.8030808390386485,0.0,0.0,0.009999999999976694,0.1,83.79999995231628,11,4,10.0
1790515334400000,812,1,4.0,19.1342305,72.9142573,29.977,-0.61,7.95,0.01,355.57,3.0,19.1342305,72.9142573,29.977,7.98,12.0,0.05,-0.002191195362548576,6.206004368379061,30.0,12.4,80.0,0,0,0,normal,none,0.005744021938886568,0.007194985644423979,0.8030808390996145,0.0,0.0,1.2221126888256606e-14,0.1,83.90000009536743,11,3,10.0
1790515334500000,813,1,4.0,19.1342376,72.9142567,29.98,-0.61,7.95,0.02,355.61,3.0,19.1342376,72.9142567,29.98,7.97,12.0,0.05,-0.0019442532364522713,6.206582794579422,30.0,12.4,80.0,0,0,0,normal,none,0.005340688765426371,0.00668976884270532,0.7919961283953015,0.0,0.0,0.010000000000001136,0.1,84.0,11,4,10.0
1790515334600000,814,1,4.0,19.1342448,72.9142561,29.982,-0.6,7.95,0.01,355.66,3.0,19.1342448,72.9142561,29.982,7.97,12.0,0.05,0.0012652909624098912,6.207487722823602,30.0,12.4,80.0,0,0,0,normal,none,0.005819902716134195,0.0072907271970797756,0.8030808386712329,0.0,0.0,0.009999999999988915,0.1,84.09999990463257,11,4,10.0
1790515334700000,815,1,4.0,19.1342519,72.9142556,29.984,-0.6,7.96,0.02,355.65,3.0,19.1342519,72.9142556,29.984,7.98,12.0,0.05,-0.0008318075347437022,6.207313432283357,30.0,12.4,80.0,0,0,0,normal,none,0.007028730581267295,0.008794068586111566,0.7912293730418655,0.0,0.0,2.4442253776513212e-14,0.1,84.20000004768372,11,4,10.0
1790515334800000,816,1,4.0,19.1342591,72.914255,29.986,-0.6,7.97,0.02,355.62,3.0,19.1342591,72.914255,29.986,7.99,12.0,0.05,-0.0014834126438700538,6.2068754279634115,30.0,12.4,80.0,0,0,0,normal,none,0.003825559991464389,0.004780424565600338,0.8030808383600218,0.0,0.0,1.1084883011491797e-14,0.1,84.29999995231628,11,4,10.0
1790515334900000,817,1,4.0,19.1342663,72.9142544,29.989,-0.61,7.97,0.02,355.59,3.0,19.1342663,72.9142544,29.989,7.99,12.0,0.05,8.045134729628664e-05,6.206373969222789,30.0,12.4,80.0,0,0,0,normal,none,0.003749867383841532,0.0046853958215218715,0.8030808376333372,0.0,0.0,0.010000000000001136,0.1,84.40000009536743,11,3,10.0
1790515335000000,818,1,4.0,19.1342734,72.9142538,29.992,-0.61,7.97,0.02,355.62,3.0,19.1342734,72.9142538,29.992,8.0,12.0,0.05,-0.0005776223876996595,6.206802258412487,30.0,12.4,80.0,0,0,0,normal,none,0.007334842547865983,0.009164761605538538,0.7919961277016296,0.0,0.0,0.010000000000001136,0.1,84.5,11,4,10.0
1790515335100000,819,1,4.0,19.1342806,72.9142532,29.995,-0.6,7.97,0.02,355.67,3.0,19.1342806,72.9142532,29.995,7.99,12.0,0.05,0.0006789669653760484,6.20774342381136,30.0,12.4,80.0,0,0,0,normal,none,0.003825558836397569,0.004780423122227391,0.8030808372049549,0.0,0.0,0.010000000000001136,0.1,84.59999990463257,11,4,10.0
1790515335200000,820,1,4.0,19.1342872,72.9142521,29.997,-1.21,7.31,0.02,350.52,3.0,19.1342872,72.9142521,29.997,7.41,12.0,0.05,0.0010311031913312805,6.11787831816122,30.0,12.4,80.0,0,0,0,normal,none,0.0019818489624878755,0.00267114738100778,0.7429285407021838,0.0,0.0,1.1084883011491797e-14,0.1,84.70000004768372,11,4,10.0
1790515335300000,821,1,4.0,19.1342932,72.9142504,29.998,-1.77,6.7,0.01,345.15,3.0,19.1342932,72.9142504,29.998,6.93,12.0,0.05,0.0026130853801695406,6.024024796961727,30.0,12.4,80.0,0,0,0,normal,none,0.002327280020227973,0.0033534991524105987,0.6906582898151042,0.0,0.0,1.2221126888256606e-14,0.1,84.79999995231628,11,4,10.0
1790515335400000,822,1,4.0,19.1342988,72.9142482,29.999,-2.29,6.16,0.01,339.58,3.0,19.1342988,72.9142482,29.999,6.57,12.0,0.05,0.0010658381392824362,5.926917399016207,30.0,12.4,80.0,0,0,0,normal,none,0.007008852676624322,0.01064869781964525,0.6641975622570615,0.0,0.0,2.3306009899748403e-14,0.1,84.90000009536743,11,3,10.0
1790515335500000,823,1,4.0,19.1343038,72.9142456,30.0,-2.76,5.65,0.0,333.9,3.0,19.1343038,72.9142456,30.0,6.29,12.0,0.05,0.002192723947593005,5.827668048917917,30.0,12.4,80.0,0,0,0,normal,none,0.009365703383771962,0.014870699732667853,0.619443488661001,0.0,0.0,0.010000000000012221,0.1,85.0,11,4,10.0
1790515335600000,824,1,4.0,19.1343085,72.9142425,30.0,-3.2,5.17,0.0,328.21,3.0,19.1343085,72.9142425,30.0,6.08,12.0,0.05,0.0006236421938338402,5.728405785422446,30.0,12.4,80.0,0,0,0,normal,none,0.007757238112530707,0.012737235220784215,0.6157777969754692,0.0,0.0,0.0,0.1,85.09999990463257,11,4,10.0
1790515335700000,825,1,4.0,19.1343128,72.9142391,29.999,-3.61,4.72,0.0,322.63,3.0,19.1343128,72.9142391,29.999,5.95,12.0,0.05,0.0022732932702128703,5.630995789923061,30.0,12.4,80.0,0,0,0,normal,none,0.0025907538255768303,0.004352552034861936,0.5968171416610549,0.0,0.0,0.010000000000012221,0.1,85.20000004768372,11,4,10.0
1790515335800000,826,1,4.0,19.1343166,72.9142353,29.999,-3.97,4.32,0.0,317.39,3.0,19.1343166,72.9142353,29.999,5.87,12.0,0.05,-0.0016110635436414878,5.539592536740235,30.0,12.4,80.0,0,0,0,normal,none,0.005423339927825399,0.00922785985526922,0.5812903892450993,0.0,0.0,0.0,0.1,85.29999995231628,11,4,10.0
1790515335900000,827,1,4.0,19.1343202,72.9142312,29.999,-4.3,3.94,0.0,312.49,3.0,19.1343202,72.9142312,29.999,5.84,12.0,0.05,0.0009468306491513046,5.454040519454653,30.0,12.4,80.0,0,0,0,normal,none,0.004796979960525527,0.00821102892184772,0.5880087768233805,0.0,0.0,0.0,0.1,85.40000009536743,11,3,10.0
1790515336000000,828,1,4.0,19.1343234,72.9142268,29.998,-4.61,3.59,0.0,307.89,3.0,19.1343234,72.9142268,29.998,5.85,12.0,0.05,0.0007755171912613144,5.373751265664178,30.0,12.4,80.0,0,0,0,normal,none,0.0009739188486795891,0.0016639761524637213,0.5833222389343407,0.0,0.0,0.009999999999976694,0.1,85.5,11,4,10.0
1790515336100000,829,1,4.0,19.1343264,72.9142221,29.998,-4.9,3.26,0.0,303.65,3.0,19.1343264,72.9142221,29.998,5.89,12.0,0.05,-0.0012505022631622267,5.299812625542016,30.0,12.4,80.0,0,0,0,normal,none,0.0073327656248505235,0.012438173541854919,0.5958699352241886,0.0,0.0,0.0,0.1,85.59999990463257,11,4,10.0
1790515336200000,830,1,4.0,19.134329,72.9142172,29.998,-5.16,2.97,0.0,299.9,3.0,19.134329,72.9142172,29.998,5.95,12.0,0.05,-0.0007791394498102127,5.234277815212151,30.0,12.4,80.0,0,0,0,normal,none,0.0049852086123312045,0.008359259653348303,0.5903844244728641,0.0,0.0,0.0,0.1,85.70000004768372,11,4,10.0
1790515336300000,831,1,4.0,19.1343315,72.9142121,29.998,-5.39,2.7,0.0,296.62,3.0,19.1343315,72.9142121,29.998,6.03,12.0,0.05,0.0007119693183859883,5.177136920326697,30.0,12.4,80.0,0,0,0,normal,none,0.0007449076373200469,0.00123360921541019,0.6035890002516543,0.0,0.0,0.0,0.1,85.79999995231628,11,4,10.0
1790515336400000,832,1,4.0,19.1343337,72.9142067,29.997,-5.61,2.45,0.0,293.61,3.0,19.1343337,72.9142067,29.997,6.12,12.0,0.05,0.0009041957134794278,5.1244768229783935,30.0,12.4,80.0,0,0,0,normal,none,0.005612421507766641,0.009153199240432204,0.6177774319420449,0.0,0.0,0.010000000000012221,0.1,85.90000009536743,11,3,10.0
1790515336500000,833,1,4.0,19.1343357,72.9142012,29.996,-5.8,2.22,0.0,290.95,3.0,19.1343357,72.9142012,29.996,6.22,12.0,0.05,0.0014918129295045488,5.078204583316782,30.0,12.4,80.0,0,0,0,normal,none,0.0019288036850879653,0.003100797963925237,0.6191058169279661,0.0,0.0,0.010000000000012221,0.1,86.0,11,4,10.0
1790515336600000,834,1,4.0,19.1343375,72.9141955,29.995,-5.99,2.01,-0.01,288.58,3.0,19.1343375,72.9141955,29.995,6.32,12.0,0.05,7.338086487478157e-05,5.036697953885674,30.0,12.4,80.0,0,0,0,normal,none,0.0004643402444987066,0.0007337585064031892,0.6313600024331161,0.0,0.0,2.3306009899748403e-14,0.1,86.09999990463257,11,4,10.0
1790515336700000,835,1,4.0,19.1343391,72.9141896,29.994,-6.15,1.82,-0.01,286.52,3.0,19.1343391,72.9141896,29.994,6.42,12.0,0.05,0.0010645446691386652,5.000834171388428,30.0,12.4,80.0,0,0,0,normal,none,0.0034690666634429324,0.0054004606876595735,0.644834017374035,0.0,0.0,1.2221126888256606e-14,0.1,86.20000004768372,11,4,10.0
1790515336800000,836,1,4.0,19.1343406,72.9141836,29.992,-6.31,1.65,-0.01,284.64,3.0,19.1343406,72.9141836,29.992,6.52,12.0,0.05,-0.0005008679072280266,4.968060649833191,30.0,12.4,80.0,0,0,0,normal,none,0.00021113100165615073,0.0003232176339239893,0.6520050908143916,0.0,0.0,0.009999999999988915,0.1,86.29999995231628,11,4,10.0
1790515336900000,837,1,4.0,19.1343419,72.9141775,29.992,-6.45,1.47,0.0,282.86,3.0,19.1343419,72.9141775,29.992,6.62,12.0,0.05,-0.0007693710951040989,4.936851651356644,30.0,12.4,80.0,0,0,0,normal,none,0.004622066331858354,0.006976292011706188,0.6569170481579805,0.0,0.0,0.0,0.1,86.40000009536743,11,3,10.0
1790515337000000,838,1,4.0,19.1343431,72.9141712,29.991,-6.57,1.32,0.0,281.36,3.0,19.1343431,72.9141712,29.991,6.71,12.0,0.05,-0.0022013076180879155,4.9106710177157336,30.0,12.4,80.0,0,0,0,normal,none,0.005013747006096914,0.007470614916792965,0.6751428390473245,0.0,0.0,0.010000000000012221,0.1,86.5,11,4,10.0
1790515337100000,839,1,4.0,19.1343442,72.9141648,29.99,-6.69,1.17,0.0,279.93,3.0,19.1343442,72.9141648,29.99,6.79,12.0,0.05,0.001749714842498803,4.885836201193168,30.0,12.4,80.0,0,0,0,normal,none,0.004212486063621457,0.006193430860708712,0.6833663714239278,0.0,0.0,0.010000000000012221,0.1,86.59999990463257,11,4,10.0
1790515337200000,840,1,4.0,19.1343451,72.9141584,29.99,-6.79,1.03,0.0,278.66,3.0,19.1343451,72.9141584,29.99,6.87,12.0,0.05,-0.0019983366074322177,4.863654774539258,30.0,12.4,80.0,0,0,0,normal,none,0.007029705647308204,0.010221045140573894,0.6797380862590974,0.0,0.0,0.0,0.1,86.70000004768372,11,4,10.0
1790515337300000,841,1,4.0,19.1343459,72.9141518,29.991,-6.89,0.91,0.0,277.52,3.0,19.1343459,72.9141518,29.991,6.95,12.0,0.05,-0.0021912953226147906,4.8437781792126495,30.0,12.4,80.0,0,0,0,normal,none,0.004040983861785863,0.005806149333195596,0.6990244369022162,0.0,0.0,0.010000000000012221,0.1,86.79999995231628,11,4,10.0
1790515337400000,842,1,4.0,19.1343467,72.9141452,29.991,-6.98,0.8,0.0,276.55,3.0,19.1343467,72.9141452,29.991,7.02,12.0,0.05,0.0004651652832082249,4.8268224970009515,30.0,12.4,80.0,0,0,0,normal,none,0.003545135938234134,0.0050387852060008766,0.6990244335707221,0.0,0.0,0.0,0.1,86.90000009536743,11,3,10.0
1790515337500000,843,1,4.0,19.1343473,72.9141384,29.993,-7.06,0.69,0.01,275.62,3.0,19.1343473,72.9141384,29.993,7.1,12.0,0.05,-0.0030877264781841046,4.810514296779196,30.0,12.4,80.0,0,0,0,normal,none,0.008096476065926117,0.011397647335006282,0.7174602755369732,0.0,0.0,0.009999999999988915,0.1,87.0,11,4,10.0
1790515337600000,844,1,4.0,19.1343478,72.9141316,29.993,-7.14,0.59,0.0,274.78,3.0,19.1343478,72.9141316,29.993,7.16,12.0,0.05,0.002745953258896767,4.795840989498834,30.0,12.4,80.0,0,0,0,normal,none,7.827900030055179e-05,0.00010910976034533769,0.716511806970621,0.0,0.0,0.0,0.1,87.09999990463257,11,4,10.0
1790515337700000,845,1,4.0,19.1343483,72.9141248,29.993,-7.21,0.5,0.0,273.96,3.0,19.1343483,72.9141248,29.993,7.23,12.0,0.05,0.003221091153823804,4.781605536098833,30.0,12.4,80.0,0,0,0,normal,none,0.00621981746927236,0.008594093811813974,0.7165118063026503,0.0,0.0,0.0,0.1,87.20000004768372,11,4,10.0
1790515337800000,846,1,4.0,19.1343487,72.9141178,29.993,-7.28,0.42,0.0,273.35,3.0,19.1343487,72.9141178,29.993,7.29,12.0,0.05,-0.0018908432882925633,4.770858870467299,30.0,12.4,80.0,0,0,0,normal,none,0.007495206480458094,0.01026444587122907,0.7367057384943615,0.0,0.0,0.0,0.1,87.29999995231628,11,4,10.0
1790515337900000,847,1,4.0,19.134349,72.9141109,29.993,-7.33,0.34,0.0,272.7,3.0,19.134349,72.9141109,29.993,7.34,12.0,0.05,0.0009465663179253229,4.75951541696312,30.0,12.4,80.0,0,0,0,normal,none,0.008164247537088665,0.011111022828384807,0.7256238690197279,0.0,0.0,0.0,0.1,87.40000009536743,11,3,10.0
1790515338000000,848,1,4.0,19.1343492,72.9141038,29.992,-7.39,0.27,0.0,272.15,3.0,19.1343492,72.9141038,29.992,7.4,12.0,0.05,0.00042647819215577555,4.749994786651662,30.0,12.4,80.0,0,0,0,normal,none,0.006705418447334965,0.009055342612286731,0.7461984880565098,0.0,0.0,0.009999999999976694,0.1,87.5,11,4,10.0
1790515338100000,849,1,4.0,19.1343494,72.9140967,29.991,-7.44,0.21,0.0,271.65,3.0,19.1343494,72.9140967,29.991,7.45,12.0,0.05,0.0015928473157484357,4.741204000821598,30.0,12.4,80.0,0,0,0,normal,none,0.0019021766957391106,0.0025522421957677663,0.7461984886575814,0.0,0.0,0.010000000000012221,0.1,87.59999990463257,11,4,10.0
1790515338200000,850,1,4.0,19.1343495,72.9140896,29.99,-7.48,0.14,-0.01,271.1,3.0,19.1343495,72.9140896,29.99,7.49,12.0,0.05,0.002146224657469098,4.731670661163531,30.0,12.4,80.0,0,0,0,normal,none,0.00218110381846337,0.002911511878637587,0.7459499007522602,0.0,0.0,1.2221126888256606e-14,0.1,87.70000004768372,11,4,10.0
1790515338300000,851,1,4.0,19.1343496,72.9140824,29.988,-7.52,0.08,-0.01,270.67,3.0,19.1343496,72.9140824,29.988,7.52,12.0,0.05,-0.0007077419154704843,4.724234206436186,30.0,12.4,80.0,0,0,0,normal,none,0.004411365977452397,0.005858056713805893,0.7564539179650377,0.0,0.0,0.009999999999988915,0.1,87.79999995231628,11,4,10.0
1790515338400000,852,1,4.0,19.1343497,72.9140752,29.988,-7.57,0.04,0.0,270.3,3.0,19.1343497,72.9140752,29.988,7.57,12.0,0.05,-0.0024159709750858544,4.717700126052419,30.0,12.4,80.0,0,0,0,normal,none,0.0005566504508695003,0.0007343571111008424,0.7564539175070687,0.0,0.0,0.0,0.1,87.90000009536743,11,3,10.0
1790515338500000,853,1,4.0,19.1343496,72.914068,29.988,-7.6,-0.01,0.0,269.91,3.0,19.1343496,72.914068,29.988,7.6,12.0,0.05,-0.0028220722280797726,4.710912541243415,30.0,12.4,80.0,0,0,0,normal,none,0.0035467399294144553,0.0046606266270881125,0.7564539179650377,0.0,0.0,0.0,0.1,88.0,11,4,10.0
1790515338600000,854,1,4.0,19.1343496,72.9140607,29.989,-7.64,-0.06,0.0,269.49,3.0,19.1343496,72.9140607,29.989,7.64,12.0,0.05,-0.0007072557991483977,4.703601647255793,30.0,12.4,80.0,0,0,0,normal,none,0.0028537983726630856,0.0037303405051171998,0.7668773582188239,0.0,0.0,0.010000000000012221,0.1,88.09999990463257,11,4,10.0
1790515338700000,855,1,4.0,19.1343495,72.9140534,29.989,-7.67,-0.1,0.0,269.21,3.0,19.1343495,72.9140534,29.989,7.67,12.0,0.05,0.001191137359059741,4.698775134762094,30.0,12.4,80.0,0,0,0,normal,none,0.00010721866117446854,0.0001395957831313993,0.7669579676170193,0.0,0.0,0.0,0.1,88.20000004768372,11,4,10.0
1790515338800000,856,1,4.0,19.1343494,72.9140461,29.989,-7.7,-0.14,0.0,268.92,3.0,19.1343494,72.9140461,29.989,7.7,12.0,0.05,0.0011442082977085634,4.693576800615481,30.0,12.4,80.0,0,0,0,normal,none,0.0031692926422631773,0.004109947602134714,0.7669579695683405,0.0,0.0,0.0,0.1,88.29999995231628,11,4,10.0
1790515338900000,857,1,4.0,19.1343492,72.9140387,29.988,-7.72,-0.17,0.0,268.71,3.0,19.1343492,72.9140387,29.988,7.72,12.0,0.05,0.001519507019875768,4.690000195173457,30.0,12.4,80.0,0,0,0,normal,none,0.005513409833058036,0.00713075716305024,0.7777005633133527,0.0,0.0,0.010000000000012221,0.1,88.40000009536743,11,3,10.0
1790515339000000,858,1,4.0,19.134349,72.9140313,29.988,-7.74,-0.2,0.0,268.45,3.0,19.134349,72.9140313,29.988,7.74,12.0,0.05,3.53724492550826e-05,4.685389274368117,30.0,12.4,80.0,0,0,0,normal,none,0.0034422109209536478,0.004440082328138784,0.7777005657354173,0.0,0.0,0.0,0.1,88.5,11,4,10.0
1790515339100000,859,1,4.0,19.1343488,72.9140239,29.988,-7.76,-0.23,0.0,268.23,3.0,19.1343488,72.9140239,29.988,7.76,12.0,0.05,-0.0026276544191398818,4.681526294730468,30.0,12.4,80.0,0,0,0,normal,none,0.001359790985839049,0.0017492855493536406,0.7777005666765148,0.0,0.0,0.0,0.1,88.59999990463257,11,4,10.0
1790515339200000,860,1,4.0,19.1343486,72.9140165,29.988,-7.78,-0.27,0.0,267.96,3.0,19.1343486,72.9140165,29.988,7.79,12.0,0.05,0.0005050207703160331,4.676860267381615,30.0,12.4,80.0,0,0,0,normal,none,0.0007678003861312233,0.0009850308461990189,0.7777005676289089,0.0,0.0,0.0,0.1,88.70000004768372,11,4,10.0
1790515339300000,861,1,4.0,19.1343483,72.9140091,29.987,-7.8,-0.29,0.0,267.81,3.0,19.1343483,72.9140091,29.987,7.8,12.0,0.05,0.0010575925968912769,4.674326401794931,30.0,12.4,80.0,0,0,0,normal,none,0.0024409851120995585,0.0031233059044241114,0.7780979312783646,0.0,0.0,0.010000000000012221,0.1,88.79999995231628,11,4,10.0
1790515339400000,862,1,4.0,19.134348,72.9140017,29.988,-7.81,-0.32,0.0,267.61,3.0,19.134348,72.9140017,29.988,7.82,12.0,0.05,-0.0015079840638480048,4.670716484986095,30.0,12.4,80.0,0,0,0,normal,none,0.0035573621817932555,0.004545247703689546,0.77809793268929,0.0,0.0,0.010000000000012221,0.1,88.90000009536743,11,3,10.0
1790515339500000,863,1,4.0,19.1343477,72.9139942,29.988,-7.82,-0.34,0.0,267.46,3.0,19.1343477,72.9139942,29.988,7.83,12.0,0.05,0.0001911898864188936,4.668144384832465,30.0,12.4,80.0,0,0,0,normal,none,0.005854791371159074,0.007470335154602753,0.7885935728302101,0.0,0.0,0.0,0.1,89.0,11,4,10.0
1790515339600000,864,1,4.0,19.1343473,72.9139868,29.987,-7.83,-0.37,0.0,267.28,3.0,19.1343473,72.9139868,29.987,7.84,12.0,0.05,0.0024727448675172896,4.664973771783559,30.0,12.4,80.0,0,0,0,normal,none,0.005219811885473269,0.006650511783291651,0.7786539024333575,0.0,0.0,0.010000000000012221,0.1,89.09999990463257,11,4,10.0
1790515339700000,865,1,4.0,19.134347,72.9139793,29.986,-7.84,-0.38,0.0,267.16,3.0,19.134347,72.9139793,29.986,7.85,12.0,0.05,-0.0006680685201335858,4.662959271752268,30.0,12.4,80.0,0,0,0,normal,none,0.00367319953086076,0.004673755297720901,0.788593577658477,0.0,0.0,0.009999999999976694,0.1,89.20000004768372,11,4,10.0
1790515339800000,866,1,4.0,19.1343466,72.9139718,29.986,-7.86,-0.41,0.0,267.0,3.0,19.1343466,72.9139718,29.986,7.87,12.0,0.05,-0.0012843835608603014,4.66013409003607,30.0,12.4,80.0,0,0,0,normal,none,0.0020735381895776728,0.002631164543285133,0.7891421501923688,0.0,0.0,0.0,0.1,89.29999995231628,11,4,10.0
1790515339900000,867,1,4.0,19.1343462,72.9139643,29.987,-7.86,-0.42,0.0,266.88,3.0,19.1343462,72.9139643,29.987,7.88,12.0,0.05,-0.0018252276308672948,4.658060957259902,30.0,12.4,80.0,0,0,0,normal,none,0.002020814564579587,0.0025640906651566795,0.7891421520977454,0.0,0.0,0.009999999999976694,0.1,89.40000009536743,11,3,10.0
1790515340000000,868,1,4.0,19.1343459,72.9139568,29.987,-7.87,-0.43,0.0,266.84,3.0,19.1343459,72.9139568,29.987,7.88,12.0,0.05,0.0008887939828871109,4.657277134048441,30.0,12.4,80.0,0,0,0,normal,none,0.0004197442089449721,0.0005318780075631455,0.7885935829019075,0.0,0.0,0.0,0.1,89.5,11,4,10.0
1790515340100000,869,1,4.0,19.1343455,72.9139493,29.987,-7.87,-0.44,0.0,266.77,3.0,19.1343455,72.9139493,29.987,7.88,12.0,0.05,0.002251252709876482,4.656138299756646,30.0,12.4,80.0,0,0,0,normal,none,0.0009131278012249888,0.0011569870965921936,0.7891421554321542,0.0,0.0,0.0,0.1,89.59999990463257,11,4,10.0
1790515340200000,870,1,4.0,19.134345,72.9139418,29.987,-7.87,-0.45,0.0,266.65,3.0,19.134345,72.9139418,29.987,7.88,12.0,0.05,-0.0014247211459679765,4.654064314673611,30.0,12.4,80.0,0,0,0,normal,none,0.0015614236726645414,0.001978274920410782,0.7898469049546681,0.0,0.0,0.0,0.1,89.70000004768372,11,4,10.0
1790515340300000,871,1,4.0,19.1343446,72.9139343,29.986,-7.87,-0.46,0.0,266.61,3.0,19.1343446,72.9139343,29.986,7.89,12.0,0.05,0.0002247524820292464,4.653344404772237,30.0,12.4,80.0,0,0,0,normal,none,0.0007989618352669536,0.0010121856195126407,0.7891421612097527,0.0,0.0,0.009999999999976694,0.1,89.79999995231628,11,4,10.0
1790515340400000,872,1,4.0,19.1343442,72.9139268,29.986,-7.89,-0.47,0.0,266.53,3.0,19.1343442,72.9139268,29.986,7.9,12.0,0.05,-0.00034137816553165906,4.651994948728678,30.0,12.4,80.0,0,0,0,normal,none,0.0012564719996958074,0.0015876600569512788,0.7891421616023621,0.0,0.0,0.0,0.1,89.90000009536743,11,3,10.0
